[INFO ] 2023-08-21 17:56:16.616 [main] Http11NioProtocol - Initializing ProtocolHandler ["http-nio-9091"]
[DEBUG] 2023-08-21 17:56:16.624 [main] LifecycleBase - Setting state for [Connector[org.apache.coyote.http11.Http11NioProtocol-9091]] to [INITIALIZED]
[DEBUG] 2023-08-21 17:56:16.625 [main] LifecycleBase - Setting state for [StandardService[Tomcat]] to [INITIALIZED]
[DEBUG] 2023-08-21 17:56:16.626 [main] LifecycleBase - Setting state for [StandardServer[-1]] to [INITIALIZED]
[DEBUG] 2023-08-21 17:56:16.626 [main] LifecycleBase - Setting state for [StandardServer[-1]] to [STARTING_PREP]
[DEBUG] 2023-08-21 17:56:16.626 [main] LifecycleBase - Setting state for [StandardServer[-1]] to [STARTING]
[DEBUG] 2023-08-21 17:56:16.628 [main] LifecycleBase - Setting state for [org.apache.catalina.deploy.NamingResourcesImpl@467233e4] to [STARTING_PREP]
[DEBUG] 2023-08-21 17:56:16.629 [main] LifecycleBase - Setting state for [org.apache.catalina.deploy.NamingResourcesImpl@467233e4] to [STARTING]
[DEBUG] 2023-08-21 17:56:16.629 [main] LifecycleBase - Setting state for [org.apache.catalina.deploy.NamingResourcesImpl@467233e4] to [STARTED]
[DEBUG] 2023-08-21 17:56:16.629 [main] LifecycleBase - Setting state for [StandardService[Tomcat]] to [STARTING_PREP]
[INFO ] 2023-08-21 17:56:16.630 [main] StandardService - Starting service [Tomcat]
[DEBUG] 2023-08-21 17:56:16.630 [main] LifecycleBase - Setting state for [StandardService[Tomcat]] to [STARTING]
[DEBUG] 2023-08-21 17:56:16.630 [main] LifecycleBase - Setting state for [StandardEngine[Tomcat]] to [STARTING_PREP]
[INFO ] 2023-08-21 17:56:16.631 [main] StandardEngine - Starting Servlet engine: [Apache Tomcat/10.1.11]
[DEBUG] 2023-08-21 17:56:16.632 [main] LifecycleBase - Setting state for [SimpleRealm[StandardEngine[Tomcat]]] to [INITIALIZING]
[DEBUG] 2023-08-21 17:56:16.633 [main] LifecycleBase - Setting state for [SimpleRealm[StandardEngine[Tomcat]]] to [INITIALIZED]
[DEBUG] 2023-08-21 17:56:16.633 [main] LifecycleBase - Setting state for [SimpleRealm[StandardEngine[Tomcat]]] to [STARTING_PREP]
[DEBUG] 2023-08-21 17:56:16.634 [main] LifecycleBase - Setting state for [SimpleRealm[StandardEngine[Tomcat]]] to [STARTING]
[DEBUG] 2023-08-21 17:56:16.634 [main] LifecycleBase - Setting state for [SimpleRealm[StandardEngine[Tomcat]]] to [STARTED]
[DEBUG] 2023-08-21 17:56:16.634 [main] LifecycleBase - Setting state for [StandardEngine[Tomcat].StandardHost[localhost]] to [INITIALIZING]
[DEBUG] 2023-08-21 17:56:16.635 [main] LifecycleBase - Setting state for [StandardEngine[Tomcat].StandardHost[localhost]] to [INITIALIZED]
[DEBUG] 2023-08-21 17:56:16.635 [main] LifecycleBase - Setting state for [StandardEngine[Tomcat].StandardHost[localhost]] to [STARTING_PREP]
[DEBUG] 2023-08-21 17:56:16.635 [main] LifecycleBase - Setting state for [StandardEngine[Tomcat].StandardHost[localhost].TomcatEmbeddedContext[]] to [INITIALIZING]
[DEBUG] 2023-08-21 17:56:16.636 [main] LifecycleBase - Setting state for [StandardEngine[Tomcat].StandardHost[localhost].TomcatEmbeddedContext[]] to [INITIALIZED]
[DEBUG] 2023-08-21 17:56:16.636 [main] LifecycleBase - Setting state for [StandardEngine[Tomcat].StandardHost[localhost].TomcatEmbeddedContext[]] to [STARTING_PREP]
[DEBUG] 2023-08-21 17:56:16.637 [main] StandardContext - Starting ROOT
[DEBUG] 2023-08-21 17:56:16.647 [main] StandardContext - Configuring default Resources
[DEBUG] 2023-08-21 17:56:16.650 [main] LifecycleBase - Setting state for [org.apache.catalina.webresources.StandardRoot@47f04e4d] to [INITIALIZING]
[DEBUG] 2023-08-21 17:56:16.652 [main] LifecycleBase - Setting state for [org.apache.catalina.webresources.StandardRoot@47f04e4d] to [INITIALIZED]
[DEBUG] 2023-08-21 17:56:16.652 [main] LifecycleBase - Setting state for [org.apache.catalina.webresources.StandardRoot@47f04e4d] to [STARTING_PREP]
[DEBUG] 2023-08-21 17:56:16.653 [main] LifecycleBase - Setting state for [org.apache.catalina.webresources.DirResourceSet@3e28fee1] to [INITIALIZING]
[DEBUG] 2023-08-21 17:56:16.654 [main] LifecycleBase - Setting state for [org.apache.catalina.webresources.DirResourceSet@3e28fee1] to [INITIALIZED]
[DEBUG] 2023-08-21 17:56:16.654 [main] LifecycleBase - Setting state for [org.apache.catalina.webresources.DirResourceSet@3e28fee1] to [STARTING_PREP]
[DEBUG] 2023-08-21 17:56:16.654 [main] LifecycleBase - Setting state for [org.apache.catalina.webresources.DirResourceSet@3e28fee1] to [STARTING]
[DEBUG] 2023-08-21 17:56:16.655 [main] LifecycleBase - Setting state for [org.apache.catalina.webresources.DirResourceSet@3e28fee1] to [STARTED]
[DEBUG] 2023-08-21 17:56:16.655 [main] LifecycleBase - Setting state for [org.apache.catalina.webresources.StandardRoot@47f04e4d] to [STARTING]
[DEBUG] 2023-08-21 17:56:16.655 [main] LifecycleBase - Setting state for [org.apache.catalina.webresources.StandardRoot@47f04e4d] to [STARTED]
[DEBUG] 2023-08-21 17:56:16.658 [main] StandardContext - Processing standard container startup
[DEBUG] 2023-08-21 17:56:16.658 [main] LifecycleBase - Setting state for [WebappLoader[StandardEngine[Tomcat].StandardHost[localhost].TomcatEmbeddedContext[]]] to [INITIALIZING]
[DEBUG] 2023-08-21 17:56:16.659 [main] LifecycleBase - Setting state for [WebappLoader[StandardEngine[Tomcat].StandardHost[localhost].TomcatEmbeddedContext[]]] to [INITIALIZED]
[DEBUG] 2023-08-21 17:56:16.659 [main] LifecycleBase - Setting state for [WebappLoader[StandardEngine[Tomcat].StandardHost[localhost].TomcatEmbeddedContext[]]] to [STARTING_PREP]
[DEBUG] 2023-08-21 17:56:16.659 [main] WebappLoader - Starting this Loader
[DEBUG] 2023-08-21 17:56:16.665 [main] LifecycleBase - Setting state for [WebappLoader[StandardEngine[Tomcat].StandardHost[localhost].TomcatEmbeddedContext[]]] to [STARTING]
[DEBUG] 2023-08-21 17:56:16.666 [main] LifecycleBase - Setting state for [WebappLoader[StandardEngine[Tomcat].StandardHost[localhost].TomcatEmbeddedContext[]]] to [STARTED]
[DEBUG] 2023-08-21 17:56:16.745 [main] LifecycleBase - Setting state for [StandardPipeline[StandardEngine[Tomcat].StandardHost[localhost].TomcatEmbeddedContext[]]] to [INITIALIZING]
[DEBUG] 2023-08-21 17:56:16.746 [main] LifecycleBase - Setting state for [StandardPipeline[StandardEngine[Tomcat].StandardHost[localhost].TomcatEmbeddedContext[]]] to [INITIALIZED]
[DEBUG] 2023-08-21 17:56:16.746 [main] LifecycleBase - Setting state for [StandardPipeline[StandardEngine[Tomcat].StandardHost[localhost].TomcatEmbeddedContext[]]] to [STARTING_PREP]
[DEBUG] 2023-08-21 17:56:16.746 [main] LifecycleBase - Setting state for [NonLoginAuthenticator[StandardEngine[Tomcat].StandardHost[localhost].TomcatEmbeddedContext[]]] to [INITIALIZING]
[DEBUG] 2023-08-21 17:56:16.746 [main] LifecycleBase - Setting state for [NonLoginAuthenticator[StandardEngine[Tomcat].StandardHost[localhost].TomcatEmbeddedContext[]]] to [INITIALIZED]
[DEBUG] 2023-08-21 17:56:16.746 [main] LifecycleBase - Setting state for [NonLoginAuthenticator[StandardEngine[Tomcat].StandardHost[localhost].TomcatEmbeddedContext[]]] to [STARTING_PREP]
[DEBUG] 2023-08-21 17:56:16.747 [main] AuthenticatorBase - No SingleSignOn Valve is present
[DEBUG] 2023-08-21 17:56:16.748 [main] LifecycleBase - Setting state for [NonLoginAuthenticator[StandardEngine[Tomcat].StandardHost[localhost].TomcatEmbeddedContext[]]] to [STARTING]
[DEBUG] 2023-08-21 17:56:16.748 [main] LifecycleBase - Setting state for [NonLoginAuthenticator[StandardEngine[Tomcat].StandardHost[localhost].TomcatEmbeddedContext[]]] to [STARTED]
[DEBUG] 2023-08-21 17:56:16.748 [main] LifecycleBase - Setting state for [StandardContextValve[StandardEngine[Tomcat].StandardHost[localhost].TomcatEmbeddedContext[]]] to [INITIALIZING]
[DEBUG] 2023-08-21 17:56:16.748 [main] LifecycleBase - Setting state for [StandardContextValve[StandardEngine[Tomcat].StandardHost[localhost].TomcatEmbeddedContext[]]] to [INITIALIZED]
[DEBUG] 2023-08-21 17:56:16.749 [main] LifecycleBase - Setting state for [StandardContextValve[StandardEngine[Tomcat].StandardHost[localhost].TomcatEmbeddedContext[]]] to [STARTING_PREP]
[DEBUG] 2023-08-21 17:56:16.749 [main] LifecycleBase - Setting state for [StandardContextValve[StandardEngine[Tomcat].StandardHost[localhost].TomcatEmbeddedContext[]]] to [STARTING]
[DEBUG] 2023-08-21 17:56:16.749 [main] LifecycleBase - Setting state for [StandardContextValve[StandardEngine[Tomcat].StandardHost[localhost].TomcatEmbeddedContext[]]] to [STARTED]
[DEBUG] 2023-08-21 17:56:16.749 [main] LifecycleBase - Setting state for [StandardPipeline[StandardEngine[Tomcat].StandardHost[localhost].TomcatEmbeddedContext[]]] to [STARTING]
[DEBUG] 2023-08-21 17:56:16.750 [main] LifecycleBase - Setting state for [StandardPipeline[StandardEngine[Tomcat].StandardHost[localhost].TomcatEmbeddedContext[]]] to [STARTED]
[DEBUG] 2023-08-21 17:56:16.750 [main] StandardContext - No manager found. Checking if cluster manager should be used. Cluster configured: [false], Application distributable: [false]
[DEBUG] 2023-08-21 17:56:16.753 [main] StandardContext - Configured a manager of class [org.apache.catalina.session.StandardManager]
[DEBUG] 2023-08-21 17:56:16.754 [main] LifecycleBase - Setting state for [org.apache.catalina.deploy.NamingResourcesImpl@4d09cade] to [INITIALIZING]
[DEBUG] 2023-08-21 17:56:16.754 [main] LifecycleBase - Setting state for [org.apache.catalina.deploy.NamingResourcesImpl@4d09cade] to [INITIALIZED]
[DEBUG] 2023-08-21 17:56:16.754 [main] LifecycleBase - Setting state for [org.apache.catalina.deploy.NamingResourcesImpl@4d09cade] to [STARTING_PREP]
[DEBUG] 2023-08-21 17:56:16.754 [main] LifecycleBase - Setting state for [org.apache.catalina.deploy.NamingResourcesImpl@4d09cade] to [STARTING]
[DEBUG] 2023-08-21 17:56:16.754 [main] LifecycleBase - Setting state for [org.apache.catalina.deploy.NamingResourcesImpl@4d09cade] to [STARTED]
[INFO ] 2023-08-21 17:56:16.759 [main] [/] - Initializing Spring embedded WebApplicationContext
[DEBUG] 2023-08-21 17:56:16.781 [main] ContainerBase - Add child StandardWrapper[dispatcherServlet] StandardEngine[Tomcat].StandardHost[localhost].TomcatEmbeddedContext[]
[DEBUG] 2023-08-21 17:56:16.781 [main] LifecycleBase - Setting state for [StandardEngine[Tomcat].StandardHost[localhost].TomcatEmbeddedContext[].StandardWrapper[dispatcherServlet]] to [INITIALIZING]
[DEBUG] 2023-08-21 17:56:16.782 [main] LifecycleBase - Setting state for [StandardEngine[Tomcat].StandardHost[localhost].TomcatEmbeddedContext[].StandardWrapper[dispatcherServlet]] to [INITIALIZED]
[DEBUG] 2023-08-21 17:56:16.782 [main] LifecycleBase - Setting state for [StandardEngine[Tomcat].StandardHost[localhost].TomcatEmbeddedContext[].StandardWrapper[dispatcherServlet]] to [STARTING_PREP]
[DEBUG] 2023-08-21 17:56:16.782 [main] LifecycleBase - Setting state for [StandardPipeline[StandardEngine[Tomcat].StandardHost[localhost].TomcatEmbeddedContext[].StandardWrapper[dispatcherServlet]]] to [INITIALIZING]
[DEBUG] 2023-08-21 17:56:16.784 [main] LifecycleBase - Setting state for [StandardPipeline[StandardEngine[Tomcat].StandardHost[localhost].TomcatEmbeddedContext[].StandardWrapper[dispatcherServlet]]] to [INITIALIZED]
[DEBUG] 2023-08-21 17:56:16.784 [main] LifecycleBase - Setting state for [StandardPipeline[StandardEngine[Tomcat].StandardHost[localhost].TomcatEmbeddedContext[].StandardWrapper[dispatcherServlet]]] to [STARTING_PREP]
[DEBUG] 2023-08-21 17:56:16.784 [main] LifecycleBase - Setting state for [StandardWrapperValve[StandardEngine[Tomcat].StandardHost[localhost].TomcatEmbeddedContext[].StandardWrapper[dispatcherServlet]]] to [INITIALIZING]
[DEBUG] 2023-08-21 17:56:16.784 [main] LifecycleBase - Setting state for [StandardWrapperValve[StandardEngine[Tomcat].StandardHost[localhost].TomcatEmbeddedContext[].StandardWrapper[dispatcherServlet]]] to [INITIALIZED]
[DEBUG] 2023-08-21 17:56:16.784 [main] LifecycleBase - Setting state for [StandardWrapperValve[StandardEngine[Tomcat].StandardHost[localhost].TomcatEmbeddedContext[].StandardWrapper[dispatcherServlet]]] to [STARTING_PREP]
[DEBUG] 2023-08-21 17:56:16.784 [main] LifecycleBase - Setting state for [StandardWrapperValve[StandardEngine[Tomcat].StandardHost[localhost].TomcatEmbeddedContext[].StandardWrapper[dispatcherServlet]]] to [STARTING]
[DEBUG] 2023-08-21 17:56:16.784 [main] LifecycleBase - Setting state for [StandardWrapperValve[StandardEngine[Tomcat].StandardHost[localhost].TomcatEmbeddedContext[].StandardWrapper[dispatcherServlet]]] to [STARTED]
[DEBUG] 2023-08-21 17:56:16.784 [main] LifecycleBase - Setting state for [StandardPipeline[StandardEngine[Tomcat].StandardHost[localhost].TomcatEmbeddedContext[].StandardWrapper[dispatcherServlet]]] to [STARTING]
[DEBUG] 2023-08-21 17:56:16.784 [main] LifecycleBase - Setting state for [StandardPipeline[StandardEngine[Tomcat].StandardHost[localhost].TomcatEmbeddedContext[].StandardWrapper[dispatcherServlet]]] to [STARTED]
[DEBUG] 2023-08-21 17:56:16.785 [main] LifecycleBase - Setting state for [StandardEngine[Tomcat].StandardHost[localhost].TomcatEmbeddedContext[].StandardWrapper[dispatcherServlet]] to [STARTING]
[DEBUG] 2023-08-21 17:56:16.785 [main] LifecycleBase - Setting state for [StandardEngine[Tomcat].StandardHost[localhost].TomcatEmbeddedContext[].StandardWrapper[dispatcherServlet]] to [STARTED]
[DEBUG] 2023-08-21 17:56:16.799 [main] StandardContext - Configuring application event listeners
[DEBUG] 2023-08-21 17:56:16.799 [main] [/] - Sending application start events
[DEBUG] 2023-08-21 17:56:16.801 [main] LifecycleBase - Setting state for [StandardManager[StandardEngine[Tomcat].StandardHost[localhost].TomcatEmbeddedContext[]]] to [INITIALIZING]
[DEBUG] 2023-08-21 17:56:16.802 [main] LifecycleBase - Setting state for [StandardManager[StandardEngine[Tomcat].StandardHost[localhost].TomcatEmbeddedContext[]]] to [INITIALIZED]
[DEBUG] 2023-08-21 17:56:16.802 [main] LifecycleBase - Setting state for [StandardManager[StandardEngine[Tomcat].StandardHost[localhost].TomcatEmbeddedContext[]]] to [STARTING_PREP]
[DEBUG] 2023-08-21 17:56:16.802 [main] LifecycleBase - Setting state for [org.springframework.boot.web.embedded.tomcat.LazySessionIdGenerator@71e7adbb] to [INITIALIZING]
[DEBUG] 2023-08-21 17:56:16.802 [main] LifecycleBase - Setting state for [org.springframework.boot.web.embedded.tomcat.LazySessionIdGenerator@71e7adbb] to [INITIALIZED]
[DEBUG] 2023-08-21 17:56:16.802 [main] LifecycleBase - Setting state for [org.springframework.boot.web.embedded.tomcat.LazySessionIdGenerator@71e7adbb] to [STARTING_PREP]
[DEBUG] 2023-08-21 17:56:16.803 [main] LifecycleBase - Setting state for [org.springframework.boot.web.embedded.tomcat.LazySessionIdGenerator@71e7adbb] to [STARTING]
[DEBUG] 2023-08-21 17:56:16.803 [main] LifecycleBase - Setting state for [org.springframework.boot.web.embedded.tomcat.LazySessionIdGenerator@71e7adbb] to [STARTED]
[DEBUG] 2023-08-21 17:56:16.803 [main] StandardManager - Start: Loading persisted sessions
[DEBUG] 2023-08-21 17:56:16.803 [main] LifecycleBase - Setting state for [StandardManager[StandardEngine[Tomcat].StandardHost[localhost].TomcatEmbeddedContext[]]] to [STARTING]
[DEBUG] 2023-08-21 17:56:16.803 [main] LifecycleBase - Setting state for [StandardManager[StandardEngine[Tomcat].StandardHost[localhost].TomcatEmbeddedContext[]]] to [STARTED]
[DEBUG] 2023-08-21 17:56:16.804 [main] [/] - Starting filters
[DEBUG] 2023-08-21 17:56:16.804 [main] [/] -  Starting filter 'requestContextFilter'
[DEBUG] 2023-08-21 17:56:16.811 [main] [/] -  Starting filter 'Tomcat WebSocket (JSR356) Filter'
[DEBUG] 2023-08-21 17:56:16.812 [main] [/] -  Starting filter 'characterEncodingFilter'
[DEBUG] 2023-08-21 17:56:16.813 [main] [/] -  Starting filter 'formContentFilter'
[DEBUG] 2023-08-21 17:56:16.813 [main] StandardContext - Starting completed
[DEBUG] 2023-08-21 17:56:16.813 [main] LifecycleBase - Setting state for [StandardEngine[Tomcat].StandardHost[localhost].TomcatEmbeddedContext[]] to [STARTING]
[DEBUG] 2023-08-21 17:56:16.813 [main] LifecycleBase - Setting state for [StandardEngine[Tomcat].StandardHost[localhost].TomcatEmbeddedContext[]] to [STARTED]
[DEBUG] 2023-08-21 17:56:16.813 [main] LifecycleBase - Setting state for [StandardPipeline[StandardEngine[Tomcat].StandardHost[localhost]]] to [INITIALIZING]
[DEBUG] 2023-08-21 17:56:16.813 [main] LifecycleBase - Setting state for [StandardPipeline[StandardEngine[Tomcat].StandardHost[localhost]]] to [INITIALIZED]
[DEBUG] 2023-08-21 17:56:16.814 [main] LifecycleBase - Setting state for [StandardPipeline[StandardEngine[Tomcat].StandardHost[localhost]]] to [STARTING_PREP]
[DEBUG] 2023-08-21 17:56:16.814 [main] LifecycleBase - Setting state for [ErrorReportValve[StandardEngine[Tomcat].StandardHost[localhost]]] to [INITIALIZING]
[DEBUG] 2023-08-21 17:56:16.814 [main] LifecycleBase - Setting state for [ErrorReportValve[StandardEngine[Tomcat].StandardHost[localhost]]] to [INITIALIZED]
[DEBUG] 2023-08-21 17:56:16.814 [main] LifecycleBase - Setting state for [ErrorReportValve[StandardEngine[Tomcat].StandardHost[localhost]]] to [STARTING_PREP]
[DEBUG] 2023-08-21 17:56:16.814 [main] LifecycleBase - Setting state for [ErrorReportValve[StandardEngine[Tomcat].StandardHost[localhost]]] to [STARTING]
[DEBUG] 2023-08-21 17:56:16.815 [main] LifecycleBase - Setting state for [ErrorReportValve[StandardEngine[Tomcat].StandardHost[localhost]]] to [STARTED]
[DEBUG] 2023-08-21 17:56:16.815 [main] LifecycleBase - Setting state for [StandardHostValve[StandardEngine[Tomcat].StandardHost[localhost]]] to [INITIALIZING]
[DEBUG] 2023-08-21 17:56:16.815 [main] LifecycleBase - Setting state for [StandardHostValve[StandardEngine[Tomcat].StandardHost[localhost]]] to [INITIALIZED]
[DEBUG] 2023-08-21 17:56:16.816 [main] LifecycleBase - Setting state for [StandardHostValve[StandardEngine[Tomcat].StandardHost[localhost]]] to [STARTING_PREP]
[DEBUG] 2023-08-21 17:56:16.816 [main] LifecycleBase - Setting state for [StandardHostValve[StandardEngine[Tomcat].StandardHost[localhost]]] to [STARTING]
[DEBUG] 2023-08-21 17:56:16.816 [main] LifecycleBase - Setting state for [StandardHostValve[StandardEngine[Tomcat].StandardHost[localhost]]] to [STARTED]
[DEBUG] 2023-08-21 17:56:16.816 [main] LifecycleBase - Setting state for [StandardPipeline[StandardEngine[Tomcat].StandardHost[localhost]]] to [STARTING]
[DEBUG] 2023-08-21 17:56:16.816 [main] LifecycleBase - Setting state for [StandardPipeline[StandardEngine[Tomcat].StandardHost[localhost]]] to [STARTED]
[DEBUG] 2023-08-21 17:56:16.816 [main] LifecycleBase - Setting state for [StandardEngine[Tomcat].StandardHost[localhost]] to [STARTING]
[DEBUG] 2023-08-21 17:56:16.817 [main] LifecycleBase - Setting state for [StandardEngine[Tomcat].StandardHost[localhost]] to [STARTED]
[DEBUG] 2023-08-21 17:56:16.817 [main] LifecycleBase - Setting state for [StandardPipeline[StandardEngine[Tomcat]]] to [INITIALIZING]
[DEBUG] 2023-08-21 17:56:16.817 [main] LifecycleBase - Setting state for [StandardPipeline[StandardEngine[Tomcat]]] to [INITIALIZED]
[DEBUG] 2023-08-21 17:56:16.817 [main] LifecycleBase - Setting state for [StandardPipeline[StandardEngine[Tomcat]]] to [STARTING_PREP]
[DEBUG] 2023-08-21 17:56:16.817 [main] LifecycleBase - Setting state for [StandardEngineValve[StandardEngine[Tomcat]]] to [INITIALIZING]
[DEBUG] 2023-08-21 17:56:16.818 [main] LifecycleBase - Setting state for [StandardEngineValve[StandardEngine[Tomcat]]] to [INITIALIZED]
[DEBUG] 2023-08-21 17:56:16.818 [main] LifecycleBase - Setting state for [StandardEngineValve[StandardEngine[Tomcat]]] to [STARTING_PREP]
[DEBUG] 2023-08-21 17:56:16.818 [main] LifecycleBase - Setting state for [StandardEngineValve[StandardEngine[Tomcat]]] to [STARTING]
[DEBUG] 2023-08-21 17:56:16.818 [main] LifecycleBase - Setting state for [StandardEngineValve[StandardEngine[Tomcat]]] to [STARTED]
[DEBUG] 2023-08-21 17:56:16.818 [main] LifecycleBase - Setting state for [StandardPipeline[StandardEngine[Tomcat]]] to [STARTING]
[DEBUG] 2023-08-21 17:56:16.818 [main] LifecycleBase - Setting state for [StandardPipeline[StandardEngine[Tomcat]]] to [STARTED]
[DEBUG] 2023-08-21 17:56:16.818 [main] LifecycleBase - Setting state for [StandardEngine[Tomcat]] to [STARTING]
[DEBUG] 2023-08-21 17:56:16.821 [main] LifecycleBase - Setting state for [StandardEngine[Tomcat]] to [STARTED]
[DEBUG] 2023-08-21 17:56:16.822 [main] LifecycleBase - Setting state for [org.apache.catalina.mapper.MapperListener@2b73bd6b] to [STARTING_PREP]
[DEBUG] 2023-08-21 17:56:16.822 [main] LifecycleBase - Setting state for [org.apache.catalina.mapper.MapperListener@2b73bd6b] to [STARTING]
[DEBUG] 2023-08-21 17:56:16.823 [main] Mapper - Registered host [localhost]
[DEBUG] 2023-08-21 17:56:16.824 [main] MapperListener - Register Wrapper [dispatcherServlet] in Context [] for service [StandardService[Tomcat]]
[DEBUG] 2023-08-21 17:56:16.825 [main] MapperListener - Register Context [] for service [StandardService[Tomcat]]
[DEBUG] 2023-08-21 17:56:16.826 [main] MapperListener - Register host [localhost] at domain [null] for service [StandardService[Tomcat]]
[DEBUG] 2023-08-21 17:56:16.826 [main] LifecycleBase - Setting state for [org.apache.catalina.mapper.MapperListener@2b73bd6b] to [STARTED]
[DEBUG] 2023-08-21 17:56:16.826 [main] LifecycleBase - Setting state for [StandardService[Tomcat]] to [STARTED]
[DEBUG] 2023-08-21 17:56:16.827 [main] LifecycleBase - Setting state for [StandardServer[-1]] to [STARTED]
2023-08-21 17:57:40,850 [main] INFO  org.apache.coyote.http11.Http11NioProtocol - Initializing ProtocolHandler ["http-nio-9091"]
2023-08-21 17:57:40,855 [main] DEBUG org.apache.catalina.util.LifecycleBase - Setting state for [Connector[org.apache.coyote.http11.Http11NioProtocol-9091]] to [INITIALIZED]
2023-08-21 17:57:40,856 [main] DEBUG org.apache.catalina.util.LifecycleBase - Setting state for [StandardService[Tomcat]] to [INITIALIZED]
2023-08-21 17:57:40,856 [main] DEBUG org.apache.catalina.util.LifecycleBase - Setting state for [StandardServer[-1]] to [INITIALIZED]
2023-08-21 17:57:40,856 [main] DEBUG org.apache.catalina.util.LifecycleBase - Setting state for [StandardServer[-1]] to [STARTING_PREP]
2023-08-21 17:57:40,856 [main] DEBUG org.apache.catalina.util.LifecycleBase - Setting state for [StandardServer[-1]] to [STARTING]
2023-08-21 17:57:40,859 [main] DEBUG org.apache.catalina.util.LifecycleBase - Setting state for [org.apache.catalina.deploy.NamingResourcesImpl@7ae0cc89] to [STARTING_PREP]
2023-08-21 17:57:40,859 [main] DEBUG org.apache.catalina.util.LifecycleBase - Setting state for [org.apache.catalina.deploy.NamingResourcesImpl@7ae0cc89] to [STARTING]
2023-08-21 17:57:40,859 [main] DEBUG org.apache.catalina.util.LifecycleBase - Setting state for [org.apache.catalina.deploy.NamingResourcesImpl@7ae0cc89] to [STARTED]
2023-08-21 17:57:40,859 [main] DEBUG org.apache.catalina.util.LifecycleBase - Setting state for [StandardService[Tomcat]] to [STARTING_PREP]
2023-08-21 17:57:40,859 [main] INFO  org.apache.catalina.core.StandardService - Starting service [Tomcat]
2023-08-21 17:57:40,860 [main] DEBUG org.apache.catalina.util.LifecycleBase - Setting state for [StandardService[Tomcat]] to [STARTING]
2023-08-21 17:57:40,860 [main] DEBUG org.apache.catalina.util.LifecycleBase - Setting state for [StandardEngine[Tomcat]] to [STARTING_PREP]
2023-08-21 17:57:40,860 [main] INFO  org.apache.catalina.core.StandardEngine - Starting Servlet engine: [Apache Tomcat/10.1.11]
2023-08-21 17:57:40,861 [main] DEBUG org.apache.catalina.util.LifecycleBase - Setting state for [SimpleRealm[StandardEngine[Tomcat]]] to [INITIALIZING]
2023-08-21 17:57:40,862 [main] DEBUG org.apache.catalina.util.LifecycleBase - Setting state for [SimpleRealm[StandardEngine[Tomcat]]] to [INITIALIZED]
2023-08-21 17:57:40,862 [main] DEBUG org.apache.catalina.util.LifecycleBase - Setting state for [SimpleRealm[StandardEngine[Tomcat]]] to [STARTING_PREP]
2023-08-21 17:57:40,863 [main] DEBUG org.apache.catalina.util.LifecycleBase - Setting state for [SimpleRealm[StandardEngine[Tomcat]]] to [STARTING]
2023-08-21 17:57:40,863 [main] DEBUG org.apache.catalina.util.LifecycleBase - Setting state for [SimpleRealm[StandardEngine[Tomcat]]] to [STARTED]
2023-08-21 17:57:40,863 [main] DEBUG org.apache.catalina.util.LifecycleBase - Setting state for [StandardEngine[Tomcat].StandardHost[localhost]] to [INITIALIZING]
2023-08-21 17:57:40,863 [main] DEBUG org.apache.catalina.util.LifecycleBase - Setting state for [StandardEngine[Tomcat].StandardHost[localhost]] to [INITIALIZED]
2023-08-21 17:57:40,864 [main] DEBUG org.apache.catalina.util.LifecycleBase - Setting state for [StandardEngine[Tomcat].StandardHost[localhost]] to [STARTING_PREP]
2023-08-21 17:57:40,864 [main] DEBUG org.apache.catalina.util.LifecycleBase - Setting state for [StandardEngine[Tomcat].StandardHost[localhost].TomcatEmbeddedContext[]] to [INITIALIZING]
2023-08-21 17:57:40,864 [main] DEBUG org.apache.catalina.util.LifecycleBase - Setting state for [StandardEngine[Tomcat].StandardHost[localhost].TomcatEmbeddedContext[]] to [INITIALIZED]
2023-08-21 17:57:40,864 [main] DEBUG org.apache.catalina.util.LifecycleBase - Setting state for [StandardEngine[Tomcat].StandardHost[localhost].TomcatEmbeddedContext[]] to [STARTING_PREP]
2023-08-21 17:57:40,866 [main] DEBUG org.apache.catalina.core.StandardContext - Starting ROOT
2023-08-21 17:57:40,877 [main] DEBUG org.apache.catalina.core.StandardContext - Configuring default Resources
2023-08-21 17:57:40,881 [main] DEBUG org.apache.catalina.util.LifecycleBase - Setting state for [org.apache.catalina.webresources.StandardRoot@5792c08c] to [INITIALIZING]
2023-08-21 17:57:40,883 [main] DEBUG org.apache.catalina.util.LifecycleBase - Setting state for [org.apache.catalina.webresources.StandardRoot@5792c08c] to [INITIALIZED]
2023-08-21 17:57:40,883 [main] DEBUG org.apache.catalina.util.LifecycleBase - Setting state for [org.apache.catalina.webresources.StandardRoot@5792c08c] to [STARTING_PREP]
2023-08-21 17:57:40,884 [main] DEBUG org.apache.catalina.util.LifecycleBase - Setting state for [org.apache.catalina.webresources.DirResourceSet@60df7989] to [INITIALIZING]
2023-08-21 17:57:40,886 [main] DEBUG org.apache.catalina.util.LifecycleBase - Setting state for [org.apache.catalina.webresources.DirResourceSet@60df7989] to [INITIALIZED]
2023-08-21 17:57:40,886 [main] DEBUG org.apache.catalina.util.LifecycleBase - Setting state for [org.apache.catalina.webresources.DirResourceSet@60df7989] to [STARTING_PREP]
2023-08-21 17:57:40,886 [main] DEBUG org.apache.catalina.util.LifecycleBase - Setting state for [org.apache.catalina.webresources.DirResourceSet@60df7989] to [STARTING]
2023-08-21 17:57:40,887 [main] DEBUG org.apache.catalina.util.LifecycleBase - Setting state for [org.apache.catalina.webresources.DirResourceSet@60df7989] to [STARTED]
2023-08-21 17:57:40,887 [main] DEBUG org.apache.catalina.util.LifecycleBase - Setting state for [org.apache.catalina.webresources.StandardRoot@5792c08c] to [STARTING]
2023-08-21 17:57:40,887 [main] DEBUG org.apache.catalina.util.LifecycleBase - Setting state for [org.apache.catalina.webresources.StandardRoot@5792c08c] to [STARTED]
2023-08-21 17:57:40,890 [main] DEBUG org.apache.catalina.core.StandardContext - Processing standard container startup
2023-08-21 17:57:40,891 [main] DEBUG org.apache.catalina.util.LifecycleBase - Setting state for [WebappLoader[StandardEngine[Tomcat].StandardHost[localhost].TomcatEmbeddedContext[]]] to [INITIALIZING]
2023-08-21 17:57:40,891 [main] DEBUG org.apache.catalina.util.LifecycleBase - Setting state for [WebappLoader[StandardEngine[Tomcat].StandardHost[localhost].TomcatEmbeddedContext[]]] to [INITIALIZED]
2023-08-21 17:57:40,891 [main] DEBUG org.apache.catalina.util.LifecycleBase - Setting state for [WebappLoader[StandardEngine[Tomcat].StandardHost[localhost].TomcatEmbeddedContext[]]] to [STARTING_PREP]
2023-08-21 17:57:40,891 [main] DEBUG org.apache.catalina.loader.WebappLoader - Starting this Loader
2023-08-21 17:57:40,899 [main] DEBUG org.apache.catalina.util.LifecycleBase - Setting state for [WebappLoader[StandardEngine[Tomcat].StandardHost[localhost].TomcatEmbeddedContext[]]] to [STARTING]
2023-08-21 17:57:40,900 [main] DEBUG org.apache.catalina.util.LifecycleBase - Setting state for [WebappLoader[StandardEngine[Tomcat].StandardHost[localhost].TomcatEmbeddedContext[]]] to [STARTED]
2023-08-21 17:57:40,983 [main] DEBUG org.apache.catalina.util.LifecycleBase - Setting state for [StandardPipeline[StandardEngine[Tomcat].StandardHost[localhost].TomcatEmbeddedContext[]]] to [INITIALIZING]
2023-08-21 17:57:40,983 [main] DEBUG org.apache.catalina.util.LifecycleBase - Setting state for [StandardPipeline[StandardEngine[Tomcat].StandardHost[localhost].TomcatEmbeddedContext[]]] to [INITIALIZED]
2023-08-21 17:57:40,984 [main] DEBUG org.apache.catalina.util.LifecycleBase - Setting state for [StandardPipeline[StandardEngine[Tomcat].StandardHost[localhost].TomcatEmbeddedContext[]]] to [STARTING_PREP]
2023-08-21 17:57:40,984 [main] DEBUG org.apache.catalina.util.LifecycleBase - Setting state for [NonLoginAuthenticator[StandardEngine[Tomcat].StandardHost[localhost].TomcatEmbeddedContext[]]] to [INITIALIZING]
2023-08-21 17:57:40,984 [main] DEBUG org.apache.catalina.util.LifecycleBase - Setting state for [NonLoginAuthenticator[StandardEngine[Tomcat].StandardHost[localhost].TomcatEmbeddedContext[]]] to [INITIALIZED]
2023-08-21 17:57:40,984 [main] DEBUG org.apache.catalina.util.LifecycleBase - Setting state for [NonLoginAuthenticator[StandardEngine[Tomcat].StandardHost[localhost].TomcatEmbeddedContext[]]] to [STARTING_PREP]
2023-08-21 17:57:40,986 [main] DEBUG org.apache.catalina.authenticator.AuthenticatorBase - No SingleSignOn Valve is present
2023-08-21 17:57:40,986 [main] DEBUG org.apache.catalina.util.LifecycleBase - Setting state for [NonLoginAuthenticator[StandardEngine[Tomcat].StandardHost[localhost].TomcatEmbeddedContext[]]] to [STARTING]
2023-08-21 17:57:40,986 [main] DEBUG org.apache.catalina.util.LifecycleBase - Setting state for [NonLoginAuthenticator[StandardEngine[Tomcat].StandardHost[localhost].TomcatEmbeddedContext[]]] to [STARTED]
2023-08-21 17:57:40,987 [main] DEBUG org.apache.catalina.util.LifecycleBase - Setting state for [StandardContextValve[StandardEngine[Tomcat].StandardHost[localhost].TomcatEmbeddedContext[]]] to [INITIALIZING]
2023-08-21 17:57:40,987 [main] DEBUG org.apache.catalina.util.LifecycleBase - Setting state for [StandardContextValve[StandardEngine[Tomcat].StandardHost[localhost].TomcatEmbeddedContext[]]] to [INITIALIZED]
2023-08-21 17:57:40,987 [main] DEBUG org.apache.catalina.util.LifecycleBase - Setting state for [StandardContextValve[StandardEngine[Tomcat].StandardHost[localhost].TomcatEmbeddedContext[]]] to [STARTING_PREP]
2023-08-21 17:57:40,987 [main] DEBUG org.apache.catalina.util.LifecycleBase - Setting state for [StandardContextValve[StandardEngine[Tomcat].StandardHost[localhost].TomcatEmbeddedContext[]]] to [STARTING]
2023-08-21 17:57:40,987 [main] DEBUG org.apache.catalina.util.LifecycleBase - Setting state for [StandardContextValve[StandardEngine[Tomcat].StandardHost[localhost].TomcatEmbeddedContext[]]] to [STARTED]
2023-08-21 17:57:40,988 [main] DEBUG org.apache.catalina.util.LifecycleBase - Setting state for [StandardPipeline[StandardEngine[Tomcat].StandardHost[localhost].TomcatEmbeddedContext[]]] to [STARTING]
2023-08-21 17:57:40,988 [main] DEBUG org.apache.catalina.util.LifecycleBase - Setting state for [StandardPipeline[StandardEngine[Tomcat].StandardHost[localhost].TomcatEmbeddedContext[]]] to [STARTED]
2023-08-21 17:57:40,988 [main] DEBUG org.apache.catalina.core.StandardContext - No manager found. Checking if cluster manager should be used. Cluster configured: [false], Application distributable: [false]
2023-08-21 17:57:40,992 [main] DEBUG org.apache.catalina.core.StandardContext - Configured a manager of class [org.apache.catalina.session.StandardManager]
2023-08-21 17:57:40,992 [main] DEBUG org.apache.catalina.util.LifecycleBase - Setting state for [org.apache.catalina.deploy.NamingResourcesImpl@472d0f4] to [INITIALIZING]
2023-08-21 17:57:40,993 [main] DEBUG org.apache.catalina.util.LifecycleBase - Setting state for [org.apache.catalina.deploy.NamingResourcesImpl@472d0f4] to [INITIALIZED]
2023-08-21 17:57:40,993 [main] DEBUG org.apache.catalina.util.LifecycleBase - Setting state for [org.apache.catalina.deploy.NamingResourcesImpl@472d0f4] to [STARTING_PREP]
2023-08-21 17:57:40,993 [main] DEBUG org.apache.catalina.util.LifecycleBase - Setting state for [org.apache.catalina.deploy.NamingResourcesImpl@472d0f4] to [STARTING]
2023-08-21 17:57:40,994 [main] DEBUG org.apache.catalina.util.LifecycleBase - Setting state for [org.apache.catalina.deploy.NamingResourcesImpl@472d0f4] to [STARTED]
2023-08-21 17:57:41,000 [main] INFO  org.apache.catalina.core.ContainerBase.[Tomcat].[localhost].[/] - Initializing Spring embedded WebApplicationContext
2023-08-21 17:57:41,026 [main] DEBUG org.apache.catalina.core.ContainerBase - Add child StandardWrapper[dispatcherServlet] StandardEngine[Tomcat].StandardHost[localhost].TomcatEmbeddedContext[]
2023-08-21 17:57:41,027 [main] DEBUG org.apache.catalina.util.LifecycleBase - Setting state for [StandardEngine[Tomcat].StandardHost[localhost].TomcatEmbeddedContext[].StandardWrapper[dispatcherServlet]] to [INITIALIZING]
2023-08-21 17:57:41,028 [main] DEBUG org.apache.catalina.util.LifecycleBase - Setting state for [StandardEngine[Tomcat].StandardHost[localhost].TomcatEmbeddedContext[].StandardWrapper[dispatcherServlet]] to [INITIALIZED]
2023-08-21 17:57:41,028 [main] DEBUG org.apache.catalina.util.LifecycleBase - Setting state for [StandardEngine[Tomcat].StandardHost[localhost].TomcatEmbeddedContext[].StandardWrapper[dispatcherServlet]] to [STARTING_PREP]
2023-08-21 17:57:41,029 [main] DEBUG org.apache.catalina.util.LifecycleBase - Setting state for [StandardPipeline[StandardEngine[Tomcat].StandardHost[localhost].TomcatEmbeddedContext[].StandardWrapper[dispatcherServlet]]] to [INITIALIZING]
2023-08-21 17:57:41,029 [main] DEBUG org.apache.catalina.util.LifecycleBase - Setting state for [StandardPipeline[StandardEngine[Tomcat].StandardHost[localhost].TomcatEmbeddedContext[].StandardWrapper[dispatcherServlet]]] to [INITIALIZED]
2023-08-21 17:57:41,029 [main] DEBUG org.apache.catalina.util.LifecycleBase - Setting state for [StandardPipeline[StandardEngine[Tomcat].StandardHost[localhost].TomcatEmbeddedContext[].StandardWrapper[dispatcherServlet]]] to [STARTING_PREP]
2023-08-21 17:57:41,029 [main] DEBUG org.apache.catalina.util.LifecycleBase - Setting state for [StandardWrapperValve[StandardEngine[Tomcat].StandardHost[localhost].TomcatEmbeddedContext[].StandardWrapper[dispatcherServlet]]] to [INITIALIZING]
2023-08-21 17:57:41,029 [main] DEBUG org.apache.catalina.util.LifecycleBase - Setting state for [StandardWrapperValve[StandardEngine[Tomcat].StandardHost[localhost].TomcatEmbeddedContext[].StandardWrapper[dispatcherServlet]]] to [INITIALIZED]
2023-08-21 17:57:41,029 [main] DEBUG org.apache.catalina.util.LifecycleBase - Setting state for [StandardWrapperValve[StandardEngine[Tomcat].StandardHost[localhost].TomcatEmbeddedContext[].StandardWrapper[dispatcherServlet]]] to [STARTING_PREP]
2023-08-21 17:57:41,029 [main] DEBUG org.apache.catalina.util.LifecycleBase - Setting state for [StandardWrapperValve[StandardEngine[Tomcat].StandardHost[localhost].TomcatEmbeddedContext[].StandardWrapper[dispatcherServlet]]] to [STARTING]
2023-08-21 17:57:41,031 [main] DEBUG org.apache.catalina.util.LifecycleBase - Setting state for [StandardWrapperValve[StandardEngine[Tomcat].StandardHost[localhost].TomcatEmbeddedContext[].StandardWrapper[dispatcherServlet]]] to [STARTED]
2023-08-21 17:57:41,031 [main] DEBUG org.apache.catalina.util.LifecycleBase - Setting state for [StandardPipeline[StandardEngine[Tomcat].StandardHost[localhost].TomcatEmbeddedContext[].StandardWrapper[dispatcherServlet]]] to [STARTING]
2023-08-21 17:57:41,031 [main] DEBUG org.apache.catalina.util.LifecycleBase - Setting state for [StandardPipeline[StandardEngine[Tomcat].StandardHost[localhost].TomcatEmbeddedContext[].StandardWrapper[dispatcherServlet]]] to [STARTED]
2023-08-21 17:57:41,031 [main] DEBUG org.apache.catalina.util.LifecycleBase - Setting state for [StandardEngine[Tomcat].StandardHost[localhost].TomcatEmbeddedContext[].StandardWrapper[dispatcherServlet]] to [STARTING]
2023-08-21 17:57:41,032 [main] DEBUG org.apache.catalina.util.LifecycleBase - Setting state for [StandardEngine[Tomcat].StandardHost[localhost].TomcatEmbeddedContext[].StandardWrapper[dispatcherServlet]] to [STARTED]
2023-08-21 17:57:41,052 [main] DEBUG org.apache.catalina.core.StandardContext - Configuring application event listeners
2023-08-21 17:57:41,052 [main] DEBUG org.apache.catalina.core.ContainerBase.[Tomcat].[localhost].[/] - Sending application start events
2023-08-21 17:57:41,055 [main] DEBUG org.apache.catalina.util.LifecycleBase - Setting state for [StandardManager[StandardEngine[Tomcat].StandardHost[localhost].TomcatEmbeddedContext[]]] to [INITIALIZING]
2023-08-21 17:57:41,056 [main] DEBUG org.apache.catalina.util.LifecycleBase - Setting state for [StandardManager[StandardEngine[Tomcat].StandardHost[localhost].TomcatEmbeddedContext[]]] to [INITIALIZED]
2023-08-21 17:57:41,057 [main] DEBUG org.apache.catalina.util.LifecycleBase - Setting state for [StandardManager[StandardEngine[Tomcat].StandardHost[localhost].TomcatEmbeddedContext[]]] to [STARTING_PREP]
2023-08-21 17:57:41,057 [main] DEBUG org.apache.catalina.util.LifecycleBase - Setting state for [org.springframework.boot.web.embedded.tomcat.LazySessionIdGenerator@7f79edee] to [INITIALIZING]
2023-08-21 17:57:41,057 [main] DEBUG org.apache.catalina.util.LifecycleBase - Setting state for [org.springframework.boot.web.embedded.tomcat.LazySessionIdGenerator@7f79edee] to [INITIALIZED]
2023-08-21 17:57:41,057 [main] DEBUG org.apache.catalina.util.LifecycleBase - Setting state for [org.springframework.boot.web.embedded.tomcat.LazySessionIdGenerator@7f79edee] to [STARTING_PREP]
2023-08-21 17:57:41,058 [main] DEBUG org.apache.catalina.util.LifecycleBase - Setting state for [org.springframework.boot.web.embedded.tomcat.LazySessionIdGenerator@7f79edee] to [STARTING]
2023-08-21 17:57:41,058 [main] DEBUG org.apache.catalina.util.LifecycleBase - Setting state for [org.springframework.boot.web.embedded.tomcat.LazySessionIdGenerator@7f79edee] to [STARTED]
2023-08-21 17:57:41,059 [main] DEBUG org.apache.catalina.session.StandardManager - Start: Loading persisted sessions
2023-08-21 17:57:41,059 [main] DEBUG org.apache.catalina.util.LifecycleBase - Setting state for [StandardManager[StandardEngine[Tomcat].StandardHost[localhost].TomcatEmbeddedContext[]]] to [STARTING]
2023-08-21 17:57:41,059 [main] DEBUG org.apache.catalina.util.LifecycleBase - Setting state for [StandardManager[StandardEngine[Tomcat].StandardHost[localhost].TomcatEmbeddedContext[]]] to [STARTED]
2023-08-21 17:57:41,060 [main] DEBUG org.apache.catalina.core.ContainerBase.[Tomcat].[localhost].[/] - Starting filters
2023-08-21 17:57:41,060 [main] DEBUG org.apache.catalina.core.ContainerBase.[Tomcat].[localhost].[/] -  Starting filter 'requestContextFilter'
2023-08-21 17:57:41,072 [main] DEBUG org.apache.catalina.core.ContainerBase.[Tomcat].[localhost].[/] -  Starting filter 'Tomcat WebSocket (JSR356) Filter'
2023-08-21 17:57:41,073 [main] DEBUG org.apache.catalina.core.ContainerBase.[Tomcat].[localhost].[/] -  Starting filter 'characterEncodingFilter'
2023-08-21 17:57:41,074 [main] DEBUG org.apache.catalina.core.ContainerBase.[Tomcat].[localhost].[/] -  Starting filter 'formContentFilter'
2023-08-21 17:57:41,074 [main] DEBUG org.apache.catalina.core.StandardContext - Starting completed
2023-08-21 17:57:41,076 [main] DEBUG org.apache.catalina.util.LifecycleBase - Setting state for [StandardEngine[Tomcat].StandardHost[localhost].TomcatEmbeddedContext[]] to [STARTING]
2023-08-21 17:57:41,077 [main] DEBUG org.apache.catalina.util.LifecycleBase - Setting state for [StandardEngine[Tomcat].StandardHost[localhost].TomcatEmbeddedContext[]] to [STARTED]
2023-08-21 17:57:41,077 [main] DEBUG org.apache.catalina.util.LifecycleBase - Setting state for [StandardPipeline[StandardEngine[Tomcat].StandardHost[localhost]]] to [INITIALIZING]
2023-08-21 17:57:41,078 [main] DEBUG org.apache.catalina.util.LifecycleBase - Setting state for [StandardPipeline[StandardEngine[Tomcat].StandardHost[localhost]]] to [INITIALIZED]
2023-08-21 17:57:41,078 [main] DEBUG org.apache.catalina.util.LifecycleBase - Setting state for [StandardPipeline[StandardEngine[Tomcat].StandardHost[localhost]]] to [STARTING_PREP]
2023-08-21 17:57:41,078 [main] DEBUG org.apache.catalina.util.LifecycleBase - Setting state for [ErrorReportValve[StandardEngine[Tomcat].StandardHost[localhost]]] to [INITIALIZING]
2023-08-21 17:57:41,078 [main] DEBUG org.apache.catalina.util.LifecycleBase - Setting state for [ErrorReportValve[StandardEngine[Tomcat].StandardHost[localhost]]] to [INITIALIZED]
2023-08-21 17:57:41,079 [main] DEBUG org.apache.catalina.util.LifecycleBase - Setting state for [ErrorReportValve[StandardEngine[Tomcat].StandardHost[localhost]]] to [STARTING_PREP]
2023-08-21 17:57:41,079 [main] DEBUG org.apache.catalina.util.LifecycleBase - Setting state for [ErrorReportValve[StandardEngine[Tomcat].StandardHost[localhost]]] to [STARTING]
2023-08-21 17:57:41,079 [main] DEBUG org.apache.catalina.util.LifecycleBase - Setting state for [ErrorReportValve[StandardEngine[Tomcat].StandardHost[localhost]]] to [STARTED]
2023-08-21 17:57:41,079 [main] DEBUG org.apache.catalina.util.LifecycleBase - Setting state for [StandardHostValve[StandardEngine[Tomcat].StandardHost[localhost]]] to [INITIALIZING]
2023-08-21 17:57:41,080 [main] DEBUG org.apache.catalina.util.LifecycleBase - Setting state for [StandardHostValve[StandardEngine[Tomcat].StandardHost[localhost]]] to [INITIALIZED]
2023-08-21 17:57:41,080 [main] DEBUG org.apache.catalina.util.LifecycleBase - Setting state for [StandardHostValve[StandardEngine[Tomcat].StandardHost[localhost]]] to [STARTING_PREP]
2023-08-21 17:57:41,080 [main] DEBUG org.apache.catalina.util.LifecycleBase - Setting state for [StandardHostValve[StandardEngine[Tomcat].StandardHost[localhost]]] to [STARTING]
2023-08-21 17:57:41,081 [main] DEBUG org.apache.catalina.util.LifecycleBase - Setting state for [StandardHostValve[StandardEngine[Tomcat].StandardHost[localhost]]] to [STARTED]
2023-08-21 17:57:41,081 [main] DEBUG org.apache.catalina.util.LifecycleBase - Setting state for [StandardPipeline[StandardEngine[Tomcat].StandardHost[localhost]]] to [STARTING]
2023-08-21 17:57:41,081 [main] DEBUG org.apache.catalina.util.LifecycleBase - Setting state for [StandardPipeline[StandardEngine[Tomcat].StandardHost[localhost]]] to [STARTED]
2023-08-21 17:57:41,081 [main] DEBUG org.apache.catalina.util.LifecycleBase - Setting state for [StandardEngine[Tomcat].StandardHost[localhost]] to [STARTING]
2023-08-21 17:57:41,081 [main] DEBUG org.apache.catalina.util.LifecycleBase - Setting state for [StandardEngine[Tomcat].StandardHost[localhost]] to [STARTED]
2023-08-21 17:57:41,082 [main] DEBUG org.apache.catalina.util.LifecycleBase - Setting state for [StandardPipeline[StandardEngine[Tomcat]]] to [INITIALIZING]
2023-08-21 17:57:41,082 [main] DEBUG org.apache.catalina.util.LifecycleBase - Setting state for [StandardPipeline[StandardEngine[Tomcat]]] to [INITIALIZED]
2023-08-21 17:57:41,082 [main] DEBUG org.apache.catalina.util.LifecycleBase - Setting state for [StandardPipeline[StandardEngine[Tomcat]]] to [STARTING_PREP]
2023-08-21 17:57:41,083 [main] DEBUG org.apache.catalina.util.LifecycleBase - Setting state for [StandardEngineValve[StandardEngine[Tomcat]]] to [INITIALIZING]
2023-08-21 17:57:41,083 [main] DEBUG org.apache.catalina.util.LifecycleBase - Setting state for [StandardEngineValve[StandardEngine[Tomcat]]] to [INITIALIZED]
2023-08-21 17:57:41,084 [main] DEBUG org.apache.catalina.util.LifecycleBase - Setting state for [StandardEngineValve[StandardEngine[Tomcat]]] to [STARTING_PREP]
2023-08-21 17:57:41,086 [main] DEBUG org.apache.catalina.util.LifecycleBase - Setting state for [StandardEngineValve[StandardEngine[Tomcat]]] to [STARTING]
2023-08-21 17:57:41,086 [main] DEBUG org.apache.catalina.util.LifecycleBase - Setting state for [StandardEngineValve[StandardEngine[Tomcat]]] to [STARTED]
2023-08-21 17:57:41,087 [main] DEBUG org.apache.catalina.util.LifecycleBase - Setting state for [StandardPipeline[StandardEngine[Tomcat]]] to [STARTING]
2023-08-21 17:57:41,087 [main] DEBUG org.apache.catalina.util.LifecycleBase - Setting state for [StandardPipeline[StandardEngine[Tomcat]]] to [STARTED]
2023-08-21 17:57:41,087 [main] DEBUG org.apache.catalina.util.LifecycleBase - Setting state for [StandardEngine[Tomcat]] to [STARTING]
2023-08-21 17:57:41,092 [main] DEBUG org.apache.catalina.util.LifecycleBase - Setting state for [StandardEngine[Tomcat]] to [STARTED]
2023-08-21 17:57:41,092 [main] DEBUG org.apache.catalina.util.LifecycleBase - Setting state for [org.apache.catalina.mapper.MapperListener@17207f5b] to [STARTING_PREP]
2023-08-21 17:57:41,093 [main] DEBUG org.apache.catalina.util.LifecycleBase - Setting state for [org.apache.catalina.mapper.MapperListener@17207f5b] to [STARTING]
2023-08-21 17:57:41,093 [main] DEBUG org.apache.catalina.mapper.Mapper - Registered host [localhost]
2023-08-21 17:57:41,094 [main] DEBUG org.apache.catalina.mapper.MapperListener - Register Wrapper [dispatcherServlet] in Context [] for service [StandardService[Tomcat]]
2023-08-21 17:57:41,094 [main] DEBUG org.apache.catalina.mapper.MapperListener - Register Context [] for service [StandardService[Tomcat]]
2023-08-21 17:57:41,094 [main] DEBUG org.apache.catalina.mapper.MapperListener - Register host [localhost] at domain [null] for service [StandardService[Tomcat]]
2023-08-21 17:57:41,095 [main] DEBUG org.apache.catalina.util.LifecycleBase - Setting state for [org.apache.catalina.mapper.MapperListener@17207f5b] to [STARTED]
2023-08-21 17:57:41,096 [main] DEBUG org.apache.catalina.util.LifecycleBase - Setting state for [StandardService[Tomcat]] to [STARTED]
2023-08-21 17:57:41,097 [main] DEBUG org.apache.catalina.util.LifecycleBase - Setting state for [StandardServer[-1]] to [STARTED]
2023-08-21 17:58:07,708 [main] INFO  org.apache.coyote.http11.Http11NioProtocol - Initializing ProtocolHandler ["http-nio-9091"]
2023-08-21 17:58:07,712 [main] DEBUG org.apache.catalina.util.LifecycleBase - Setting state for [Connector[org.apache.coyote.http11.Http11NioProtocol-9091]] to [INITIALIZED]
2023-08-21 17:58:07,713 [main] DEBUG org.apache.catalina.util.LifecycleBase - Setting state for [StandardService[Tomcat]] to [INITIALIZED]
2023-08-21 17:58:07,713 [main] DEBUG org.apache.catalina.util.LifecycleBase - Setting state for [StandardServer[-1]] to [INITIALIZED]
2023-08-21 17:58:07,713 [main] DEBUG org.apache.catalina.util.LifecycleBase - Setting state for [StandardServer[-1]] to [STARTING_PREP]
2023-08-21 17:58:07,713 [main] DEBUG org.apache.catalina.util.LifecycleBase - Setting state for [StandardServer[-1]] to [STARTING]
2023-08-21 17:58:07,715 [main] DEBUG org.apache.catalina.util.LifecycleBase - Setting state for [org.apache.catalina.deploy.NamingResourcesImpl@7bcecef6] to [STARTING_PREP]
2023-08-21 17:58:07,716 [main] DEBUG org.apache.catalina.util.LifecycleBase - Setting state for [org.apache.catalina.deploy.NamingResourcesImpl@7bcecef6] to [STARTING]
2023-08-21 17:58:07,716 [main] DEBUG org.apache.catalina.util.LifecycleBase - Setting state for [org.apache.catalina.deploy.NamingResourcesImpl@7bcecef6] to [STARTED]
2023-08-21 17:58:07,716 [main] DEBUG org.apache.catalina.util.LifecycleBase - Setting state for [StandardService[Tomcat]] to [STARTING_PREP]
2023-08-21 17:58:07,717 [main] INFO  org.apache.catalina.core.StandardService - Starting service [Tomcat]
2023-08-21 17:58:07,717 [main] DEBUG org.apache.catalina.util.LifecycleBase - Setting state for [StandardService[Tomcat]] to [STARTING]
2023-08-21 17:58:07,717 [main] DEBUG org.apache.catalina.util.LifecycleBase - Setting state for [StandardEngine[Tomcat]] to [STARTING_PREP]
2023-08-21 17:58:07,718 [main] INFO  org.apache.catalina.core.StandardEngine - Starting Servlet engine: [Apache Tomcat/10.1.11]
2023-08-21 17:58:07,720 [main] DEBUG org.apache.catalina.util.LifecycleBase - Setting state for [SimpleRealm[StandardEngine[Tomcat]]] to [INITIALIZING]
2023-08-21 17:58:07,721 [main] DEBUG org.apache.catalina.util.LifecycleBase - Setting state for [SimpleRealm[StandardEngine[Tomcat]]] to [INITIALIZED]
2023-08-21 17:58:07,721 [main] DEBUG org.apache.catalina.util.LifecycleBase - Setting state for [SimpleRealm[StandardEngine[Tomcat]]] to [STARTING_PREP]
2023-08-21 17:58:07,721 [main] DEBUG org.apache.catalina.util.LifecycleBase - Setting state for [SimpleRealm[StandardEngine[Tomcat]]] to [STARTING]
2023-08-21 17:58:07,722 [main] DEBUG org.apache.catalina.util.LifecycleBase - Setting state for [SimpleRealm[StandardEngine[Tomcat]]] to [STARTED]
2023-08-21 17:58:07,722 [main] DEBUG org.apache.catalina.util.LifecycleBase - Setting state for [StandardEngine[Tomcat].StandardHost[localhost]] to [INITIALIZING]
2023-08-21 17:58:07,723 [main] DEBUG org.apache.catalina.util.LifecycleBase - Setting state for [StandardEngine[Tomcat].StandardHost[localhost]] to [INITIALIZED]
2023-08-21 17:58:07,723 [main] DEBUG org.apache.catalina.util.LifecycleBase - Setting state for [StandardEngine[Tomcat].StandardHost[localhost]] to [STARTING_PREP]
2023-08-21 17:58:07,723 [main] DEBUG org.apache.catalina.util.LifecycleBase - Setting state for [StandardEngine[Tomcat].StandardHost[localhost].TomcatEmbeddedContext[]] to [INITIALIZING]
2023-08-21 17:58:07,724 [main] DEBUG org.apache.catalina.util.LifecycleBase - Setting state for [StandardEngine[Tomcat].StandardHost[localhost].TomcatEmbeddedContext[]] to [INITIALIZED]
2023-08-21 17:58:07,724 [main] DEBUG org.apache.catalina.util.LifecycleBase - Setting state for [StandardEngine[Tomcat].StandardHost[localhost].TomcatEmbeddedContext[]] to [STARTING_PREP]
2023-08-21 17:58:07,725 [main] DEBUG org.apache.catalina.core.StandardContext - Starting ROOT
2023-08-21 17:58:07,739 [main] DEBUG org.apache.catalina.core.StandardContext - Configuring default Resources
2023-08-21 17:58:07,742 [main] DEBUG org.apache.catalina.util.LifecycleBase - Setting state for [org.apache.catalina.webresources.StandardRoot@10b4e7f8] to [INITIALIZING]
2023-08-21 17:58:07,744 [main] DEBUG org.apache.catalina.util.LifecycleBase - Setting state for [org.apache.catalina.webresources.StandardRoot@10b4e7f8] to [INITIALIZED]
2023-08-21 17:58:07,744 [main] DEBUG org.apache.catalina.util.LifecycleBase - Setting state for [org.apache.catalina.webresources.StandardRoot@10b4e7f8] to [STARTING_PREP]
2023-08-21 17:58:07,745 [main] DEBUG org.apache.catalina.util.LifecycleBase - Setting state for [org.apache.catalina.webresources.DirResourceSet@3520963d] to [INITIALIZING]
2023-08-21 17:58:07,747 [main] DEBUG org.apache.catalina.util.LifecycleBase - Setting state for [org.apache.catalina.webresources.DirResourceSet@3520963d] to [INITIALIZED]
2023-08-21 17:58:07,747 [main] DEBUG org.apache.catalina.util.LifecycleBase - Setting state for [org.apache.catalina.webresources.DirResourceSet@3520963d] to [STARTING_PREP]
2023-08-21 17:58:07,747 [main] DEBUG org.apache.catalina.util.LifecycleBase - Setting state for [org.apache.catalina.webresources.DirResourceSet@3520963d] to [STARTING]
2023-08-21 17:58:07,747 [main] DEBUG org.apache.catalina.util.LifecycleBase - Setting state for [org.apache.catalina.webresources.DirResourceSet@3520963d] to [STARTED]
2023-08-21 17:58:07,748 [main] DEBUG org.apache.catalina.util.LifecycleBase - Setting state for [org.apache.catalina.webresources.StandardRoot@10b4e7f8] to [STARTING]
2023-08-21 17:58:07,748 [main] DEBUG org.apache.catalina.util.LifecycleBase - Setting state for [org.apache.catalina.webresources.StandardRoot@10b4e7f8] to [STARTED]
2023-08-21 17:58:07,750 [main] DEBUG org.apache.catalina.core.StandardContext - Processing standard container startup
2023-08-21 17:58:07,751 [main] DEBUG org.apache.catalina.util.LifecycleBase - Setting state for [WebappLoader[StandardEngine[Tomcat].StandardHost[localhost].TomcatEmbeddedContext[]]] to [INITIALIZING]
2023-08-21 17:58:07,751 [main] DEBUG org.apache.catalina.util.LifecycleBase - Setting state for [WebappLoader[StandardEngine[Tomcat].StandardHost[localhost].TomcatEmbeddedContext[]]] to [INITIALIZED]
2023-08-21 17:58:07,751 [main] DEBUG org.apache.catalina.util.LifecycleBase - Setting state for [WebappLoader[StandardEngine[Tomcat].StandardHost[localhost].TomcatEmbeddedContext[]]] to [STARTING_PREP]
2023-08-21 17:58:07,751 [main] DEBUG org.apache.catalina.loader.WebappLoader - Starting this Loader
2023-08-21 17:58:07,759 [main] DEBUG org.apache.catalina.util.LifecycleBase - Setting state for [WebappLoader[StandardEngine[Tomcat].StandardHost[localhost].TomcatEmbeddedContext[]]] to [STARTING]
2023-08-21 17:58:07,759 [main] DEBUG org.apache.catalina.util.LifecycleBase - Setting state for [WebappLoader[StandardEngine[Tomcat].StandardHost[localhost].TomcatEmbeddedContext[]]] to [STARTED]
2023-08-21 17:58:07,834 [main] DEBUG org.apache.catalina.util.LifecycleBase - Setting state for [StandardPipeline[StandardEngine[Tomcat].StandardHost[localhost].TomcatEmbeddedContext[]]] to [INITIALIZING]
2023-08-21 17:58:07,834 [main] DEBUG org.apache.catalina.util.LifecycleBase - Setting state for [StandardPipeline[StandardEngine[Tomcat].StandardHost[localhost].TomcatEmbeddedContext[]]] to [INITIALIZED]
2023-08-21 17:58:07,835 [main] DEBUG org.apache.catalina.util.LifecycleBase - Setting state for [StandardPipeline[StandardEngine[Tomcat].StandardHost[localhost].TomcatEmbeddedContext[]]] to [STARTING_PREP]
2023-08-21 17:58:07,835 [main] DEBUG org.apache.catalina.util.LifecycleBase - Setting state for [NonLoginAuthenticator[StandardEngine[Tomcat].StandardHost[localhost].TomcatEmbeddedContext[]]] to [INITIALIZING]
2023-08-21 17:58:07,835 [main] DEBUG org.apache.catalina.util.LifecycleBase - Setting state for [NonLoginAuthenticator[StandardEngine[Tomcat].StandardHost[localhost].TomcatEmbeddedContext[]]] to [INITIALIZED]
2023-08-21 17:58:07,835 [main] DEBUG org.apache.catalina.util.LifecycleBase - Setting state for [NonLoginAuthenticator[StandardEngine[Tomcat].StandardHost[localhost].TomcatEmbeddedContext[]]] to [STARTING_PREP]
2023-08-21 17:58:07,837 [main] DEBUG org.apache.catalina.authenticator.AuthenticatorBase - No SingleSignOn Valve is present
2023-08-21 17:58:07,837 [main] DEBUG org.apache.catalina.util.LifecycleBase - Setting state for [NonLoginAuthenticator[StandardEngine[Tomcat].StandardHost[localhost].TomcatEmbeddedContext[]]] to [STARTING]
2023-08-21 17:58:07,837 [main] DEBUG org.apache.catalina.util.LifecycleBase - Setting state for [NonLoginAuthenticator[StandardEngine[Tomcat].StandardHost[localhost].TomcatEmbeddedContext[]]] to [STARTED]
2023-08-21 17:58:07,838 [main] DEBUG org.apache.catalina.util.LifecycleBase - Setting state for [StandardContextValve[StandardEngine[Tomcat].StandardHost[localhost].TomcatEmbeddedContext[]]] to [INITIALIZING]
2023-08-21 17:58:07,838 [main] DEBUG org.apache.catalina.util.LifecycleBase - Setting state for [StandardContextValve[StandardEngine[Tomcat].StandardHost[localhost].TomcatEmbeddedContext[]]] to [INITIALIZED]
2023-08-21 17:58:07,838 [main] DEBUG org.apache.catalina.util.LifecycleBase - Setting state for [StandardContextValve[StandardEngine[Tomcat].StandardHost[localhost].TomcatEmbeddedContext[]]] to [STARTING_PREP]
2023-08-21 17:58:07,838 [main] DEBUG org.apache.catalina.util.LifecycleBase - Setting state for [StandardContextValve[StandardEngine[Tomcat].StandardHost[localhost].TomcatEmbeddedContext[]]] to [STARTING]
2023-08-21 17:58:07,838 [main] DEBUG org.apache.catalina.util.LifecycleBase - Setting state for [StandardContextValve[StandardEngine[Tomcat].StandardHost[localhost].TomcatEmbeddedContext[]]] to [STARTED]
2023-08-21 17:58:07,838 [main] DEBUG org.apache.catalina.util.LifecycleBase - Setting state for [StandardPipeline[StandardEngine[Tomcat].StandardHost[localhost].TomcatEmbeddedContext[]]] to [STARTING]
2023-08-21 17:58:07,839 [main] DEBUG org.apache.catalina.util.LifecycleBase - Setting state for [StandardPipeline[StandardEngine[Tomcat].StandardHost[localhost].TomcatEmbeddedContext[]]] to [STARTED]
2023-08-21 17:58:07,839 [main] DEBUG org.apache.catalina.core.StandardContext - No manager found. Checking if cluster manager should be used. Cluster configured: [false], Application distributable: [false]
2023-08-21 17:58:07,842 [main] DEBUG org.apache.catalina.core.StandardContext - Configured a manager of class [org.apache.catalina.session.StandardManager]
2023-08-21 17:58:07,843 [main] DEBUG org.apache.catalina.util.LifecycleBase - Setting state for [org.apache.catalina.deploy.NamingResourcesImpl@3635099] to [INITIALIZING]
2023-08-21 17:58:07,843 [main] DEBUG org.apache.catalina.util.LifecycleBase - Setting state for [org.apache.catalina.deploy.NamingResourcesImpl@3635099] to [INITIALIZED]
2023-08-21 17:58:07,843 [main] DEBUG org.apache.catalina.util.LifecycleBase - Setting state for [org.apache.catalina.deploy.NamingResourcesImpl@3635099] to [STARTING_PREP]
2023-08-21 17:58:07,844 [main] DEBUG org.apache.catalina.util.LifecycleBase - Setting state for [org.apache.catalina.deploy.NamingResourcesImpl@3635099] to [STARTING]
2023-08-21 17:58:07,844 [main] DEBUG org.apache.catalina.util.LifecycleBase - Setting state for [org.apache.catalina.deploy.NamingResourcesImpl@3635099] to [STARTED]
2023-08-21 17:58:07,849 [main] INFO  org.apache.catalina.core.ContainerBase.[Tomcat].[localhost].[/] - Initializing Spring embedded WebApplicationContext
2023-08-21 17:58:07,868 [main] DEBUG org.apache.catalina.core.ContainerBase - Add child StandardWrapper[dispatcherServlet] StandardEngine[Tomcat].StandardHost[localhost].TomcatEmbeddedContext[]
2023-08-21 17:58:07,868 [main] DEBUG org.apache.catalina.util.LifecycleBase - Setting state for [StandardEngine[Tomcat].StandardHost[localhost].TomcatEmbeddedContext[].StandardWrapper[dispatcherServlet]] to [INITIALIZING]
2023-08-21 17:58:07,869 [main] DEBUG org.apache.catalina.util.LifecycleBase - Setting state for [StandardEngine[Tomcat].StandardHost[localhost].TomcatEmbeddedContext[].StandardWrapper[dispatcherServlet]] to [INITIALIZED]
2023-08-21 17:58:07,870 [main] DEBUG org.apache.catalina.util.LifecycleBase - Setting state for [StandardEngine[Tomcat].StandardHost[localhost].TomcatEmbeddedContext[].StandardWrapper[dispatcherServlet]] to [STARTING_PREP]
2023-08-21 17:58:07,870 [main] DEBUG org.apache.catalina.util.LifecycleBase - Setting state for [StandardPipeline[StandardEngine[Tomcat].StandardHost[localhost].TomcatEmbeddedContext[].StandardWrapper[dispatcherServlet]]] to [INITIALIZING]
2023-08-21 17:58:07,870 [main] DEBUG org.apache.catalina.util.LifecycleBase - Setting state for [StandardPipeline[StandardEngine[Tomcat].StandardHost[localhost].TomcatEmbeddedContext[].StandardWrapper[dispatcherServlet]]] to [INITIALIZED]
2023-08-21 17:58:07,870 [main] DEBUG org.apache.catalina.util.LifecycleBase - Setting state for [StandardPipeline[StandardEngine[Tomcat].StandardHost[localhost].TomcatEmbeddedContext[].StandardWrapper[dispatcherServlet]]] to [STARTING_PREP]
2023-08-21 17:58:07,870 [main] DEBUG org.apache.catalina.util.LifecycleBase - Setting state for [StandardWrapperValve[StandardEngine[Tomcat].StandardHost[localhost].TomcatEmbeddedContext[].StandardWrapper[dispatcherServlet]]] to [INITIALIZING]
2023-08-21 17:58:07,872 [main] DEBUG org.apache.catalina.util.LifecycleBase - Setting state for [StandardWrapperValve[StandardEngine[Tomcat].StandardHost[localhost].TomcatEmbeddedContext[].StandardWrapper[dispatcherServlet]]] to [INITIALIZED]
2023-08-21 17:58:07,872 [main] DEBUG org.apache.catalina.util.LifecycleBase - Setting state for [StandardWrapperValve[StandardEngine[Tomcat].StandardHost[localhost].TomcatEmbeddedContext[].StandardWrapper[dispatcherServlet]]] to [STARTING_PREP]
2023-08-21 17:58:07,872 [main] DEBUG org.apache.catalina.util.LifecycleBase - Setting state for [StandardWrapperValve[StandardEngine[Tomcat].StandardHost[localhost].TomcatEmbeddedContext[].StandardWrapper[dispatcherServlet]]] to [STARTING]
2023-08-21 17:58:07,872 [main] DEBUG org.apache.catalina.util.LifecycleBase - Setting state for [StandardWrapperValve[StandardEngine[Tomcat].StandardHost[localhost].TomcatEmbeddedContext[].StandardWrapper[dispatcherServlet]]] to [STARTED]
2023-08-21 17:58:07,873 [main] DEBUG org.apache.catalina.util.LifecycleBase - Setting state for [StandardPipeline[StandardEngine[Tomcat].StandardHost[localhost].TomcatEmbeddedContext[].StandardWrapper[dispatcherServlet]]] to [STARTING]
2023-08-21 17:58:07,873 [main] DEBUG org.apache.catalina.util.LifecycleBase - Setting state for [StandardPipeline[StandardEngine[Tomcat].StandardHost[localhost].TomcatEmbeddedContext[].StandardWrapper[dispatcherServlet]]] to [STARTED]
2023-08-21 17:58:07,873 [main] DEBUG org.apache.catalina.util.LifecycleBase - Setting state for [StandardEngine[Tomcat].StandardHost[localhost].TomcatEmbeddedContext[].StandardWrapper[dispatcherServlet]] to [STARTING]
2023-08-21 17:58:07,873 [main] DEBUG org.apache.catalina.util.LifecycleBase - Setting state for [StandardEngine[Tomcat].StandardHost[localhost].TomcatEmbeddedContext[].StandardWrapper[dispatcherServlet]] to [STARTED]
2023-08-21 17:58:07,890 [main] DEBUG org.apache.catalina.core.StandardContext - Configuring application event listeners
2023-08-21 17:58:07,891 [main] DEBUG org.apache.catalina.core.ContainerBase.[Tomcat].[localhost].[/] - Sending application start events
2023-08-21 17:58:07,893 [main] DEBUG org.apache.catalina.util.LifecycleBase - Setting state for [StandardManager[StandardEngine[Tomcat].StandardHost[localhost].TomcatEmbeddedContext[]]] to [INITIALIZING]
2023-08-21 17:58:07,893 [main] DEBUG org.apache.catalina.util.LifecycleBase - Setting state for [StandardManager[StandardEngine[Tomcat].StandardHost[localhost].TomcatEmbeddedContext[]]] to [INITIALIZED]
2023-08-21 17:58:07,894 [main] DEBUG org.apache.catalina.util.LifecycleBase - Setting state for [StandardManager[StandardEngine[Tomcat].StandardHost[localhost].TomcatEmbeddedContext[]]] to [STARTING_PREP]
2023-08-21 17:58:07,894 [main] DEBUG org.apache.catalina.util.LifecycleBase - Setting state for [org.springframework.boot.web.embedded.tomcat.LazySessionIdGenerator@1775c4e7] to [INITIALIZING]
2023-08-21 17:58:07,894 [main] DEBUG org.apache.catalina.util.LifecycleBase - Setting state for [org.springframework.boot.web.embedded.tomcat.LazySessionIdGenerator@1775c4e7] to [INITIALIZED]
2023-08-21 17:58:07,894 [main] DEBUG org.apache.catalina.util.LifecycleBase - Setting state for [org.springframework.boot.web.embedded.tomcat.LazySessionIdGenerator@1775c4e7] to [STARTING_PREP]
2023-08-21 17:58:07,895 [main] DEBUG org.apache.catalina.util.LifecycleBase - Setting state for [org.springframework.boot.web.embedded.tomcat.LazySessionIdGenerator@1775c4e7] to [STARTING]
2023-08-21 17:58:07,895 [main] DEBUG org.apache.catalina.util.LifecycleBase - Setting state for [org.springframework.boot.web.embedded.tomcat.LazySessionIdGenerator@1775c4e7] to [STARTED]
2023-08-21 17:58:07,895 [main] DEBUG org.apache.catalina.session.StandardManager - Start: Loading persisted sessions
2023-08-21 17:58:07,896 [main] DEBUG org.apache.catalina.util.LifecycleBase - Setting state for [StandardManager[StandardEngine[Tomcat].StandardHost[localhost].TomcatEmbeddedContext[]]] to [STARTING]
2023-08-21 17:58:07,896 [main] DEBUG org.apache.catalina.util.LifecycleBase - Setting state for [StandardManager[StandardEngine[Tomcat].StandardHost[localhost].TomcatEmbeddedContext[]]] to [STARTED]
2023-08-21 17:58:07,896 [main] DEBUG org.apache.catalina.core.ContainerBase.[Tomcat].[localhost].[/] - Starting filters
2023-08-21 17:58:07,897 [main] DEBUG org.apache.catalina.core.ContainerBase.[Tomcat].[localhost].[/] -  Starting filter 'requestContextFilter'
2023-08-21 17:58:07,903 [main] DEBUG org.apache.catalina.core.ContainerBase.[Tomcat].[localhost].[/] -  Starting filter 'Tomcat WebSocket (JSR356) Filter'
2023-08-21 17:58:07,903 [main] DEBUG org.apache.catalina.core.ContainerBase.[Tomcat].[localhost].[/] -  Starting filter 'characterEncodingFilter'
2023-08-21 17:58:07,903 [main] DEBUG org.apache.catalina.core.ContainerBase.[Tomcat].[localhost].[/] -  Starting filter 'formContentFilter'
2023-08-21 17:58:07,904 [main] DEBUG org.apache.catalina.core.StandardContext - Starting completed
2023-08-21 17:58:07,904 [main] DEBUG org.apache.catalina.util.LifecycleBase - Setting state for [StandardEngine[Tomcat].StandardHost[localhost].TomcatEmbeddedContext[]] to [STARTING]
2023-08-21 17:58:07,904 [main] DEBUG org.apache.catalina.util.LifecycleBase - Setting state for [StandardEngine[Tomcat].StandardHost[localhost].TomcatEmbeddedContext[]] to [STARTED]
2023-08-21 17:58:07,904 [main] DEBUG org.apache.catalina.util.LifecycleBase - Setting state for [StandardPipeline[StandardEngine[Tomcat].StandardHost[localhost]]] to [INITIALIZING]
2023-08-21 17:58:07,904 [main] DEBUG org.apache.catalina.util.LifecycleBase - Setting state for [StandardPipeline[StandardEngine[Tomcat].StandardHost[localhost]]] to [INITIALIZED]
2023-08-21 17:58:07,905 [main] DEBUG org.apache.catalina.util.LifecycleBase - Setting state for [StandardPipeline[StandardEngine[Tomcat].StandardHost[localhost]]] to [STARTING_PREP]
2023-08-21 17:58:07,905 [main] DEBUG org.apache.catalina.util.LifecycleBase - Setting state for [ErrorReportValve[StandardEngine[Tomcat].StandardHost[localhost]]] to [INITIALIZING]
2023-08-21 17:58:07,905 [main] DEBUG org.apache.catalina.util.LifecycleBase - Setting state for [ErrorReportValve[StandardEngine[Tomcat].StandardHost[localhost]]] to [INITIALIZED]
2023-08-21 17:58:07,905 [main] DEBUG org.apache.catalina.util.LifecycleBase - Setting state for [ErrorReportValve[StandardEngine[Tomcat].StandardHost[localhost]]] to [STARTING_PREP]
2023-08-21 17:58:07,905 [main] DEBUG org.apache.catalina.util.LifecycleBase - Setting state for [ErrorReportValve[StandardEngine[Tomcat].StandardHost[localhost]]] to [STARTING]
2023-08-21 17:58:07,906 [main] DEBUG org.apache.catalina.util.LifecycleBase - Setting state for [ErrorReportValve[StandardEngine[Tomcat].StandardHost[localhost]]] to [STARTED]
2023-08-21 17:58:07,906 [main] DEBUG org.apache.catalina.util.LifecycleBase - Setting state for [StandardHostValve[StandardEngine[Tomcat].StandardHost[localhost]]] to [INITIALIZING]
2023-08-21 17:58:07,906 [main] DEBUG org.apache.catalina.util.LifecycleBase - Setting state for [StandardHostValve[StandardEngine[Tomcat].StandardHost[localhost]]] to [INITIALIZED]
2023-08-21 17:58:07,906 [main] DEBUG org.apache.catalina.util.LifecycleBase - Setting state for [StandardHostValve[StandardEngine[Tomcat].StandardHost[localhost]]] to [STARTING_PREP]
2023-08-21 17:58:07,907 [main] DEBUG org.apache.catalina.util.LifecycleBase - Setting state for [StandardHostValve[StandardEngine[Tomcat].StandardHost[localhost]]] to [STARTING]
2023-08-21 17:58:07,908 [main] DEBUG org.apache.catalina.util.LifecycleBase - Setting state for [StandardHostValve[StandardEngine[Tomcat].StandardHost[localhost]]] to [STARTED]
2023-08-21 17:58:07,908 [main] DEBUG org.apache.catalina.util.LifecycleBase - Setting state for [StandardPipeline[StandardEngine[Tomcat].StandardHost[localhost]]] to [STARTING]
2023-08-21 17:58:07,908 [main] DEBUG org.apache.catalina.util.LifecycleBase - Setting state for [StandardPipeline[StandardEngine[Tomcat].StandardHost[localhost]]] to [STARTED]
2023-08-21 17:58:07,909 [main] DEBUG org.apache.catalina.util.LifecycleBase - Setting state for [StandardEngine[Tomcat].StandardHost[localhost]] to [STARTING]
2023-08-21 17:58:07,909 [main] DEBUG org.apache.catalina.util.LifecycleBase - Setting state for [StandardEngine[Tomcat].StandardHost[localhost]] to [STARTED]
2023-08-21 17:58:07,909 [main] DEBUG org.apache.catalina.util.LifecycleBase - Setting state for [StandardPipeline[StandardEngine[Tomcat]]] to [INITIALIZING]
2023-08-21 17:58:07,909 [main] DEBUG org.apache.catalina.util.LifecycleBase - Setting state for [StandardPipeline[StandardEngine[Tomcat]]] to [INITIALIZED]
2023-08-21 17:58:07,909 [main] DEBUG org.apache.catalina.util.LifecycleBase - Setting state for [StandardPipeline[StandardEngine[Tomcat]]] to [STARTING_PREP]
2023-08-21 17:58:07,909 [main] DEBUG org.apache.catalina.util.LifecycleBase - Setting state for [StandardEngineValve[StandardEngine[Tomcat]]] to [INITIALIZING]
2023-08-21 17:58:07,909 [main] DEBUG org.apache.catalina.util.LifecycleBase - Setting state for [StandardEngineValve[StandardEngine[Tomcat]]] to [INITIALIZED]
2023-08-21 17:58:07,910 [main] DEBUG org.apache.catalina.util.LifecycleBase - Setting state for [StandardEngineValve[StandardEngine[Tomcat]]] to [STARTING_PREP]
2023-08-21 17:58:07,910 [main] DEBUG org.apache.catalina.util.LifecycleBase - Setting state for [StandardEngineValve[StandardEngine[Tomcat]]] to [STARTING]
2023-08-21 17:58:07,910 [main] DEBUG org.apache.catalina.util.LifecycleBase - Setting state for [StandardEngineValve[StandardEngine[Tomcat]]] to [STARTED]
2023-08-21 17:58:07,910 [main] DEBUG org.apache.catalina.util.LifecycleBase - Setting state for [StandardPipeline[StandardEngine[Tomcat]]] to [STARTING]
2023-08-21 17:58:07,910 [main] DEBUG org.apache.catalina.util.LifecycleBase - Setting state for [StandardPipeline[StandardEngine[Tomcat]]] to [STARTED]
2023-08-21 17:58:07,911 [main] DEBUG org.apache.catalina.util.LifecycleBase - Setting state for [StandardEngine[Tomcat]] to [STARTING]
2023-08-21 17:58:07,913 [main] DEBUG org.apache.catalina.util.LifecycleBase - Setting state for [StandardEngine[Tomcat]] to [STARTED]
2023-08-21 17:58:07,913 [main] DEBUG org.apache.catalina.util.LifecycleBase - Setting state for [org.apache.catalina.mapper.MapperListener@5af5d76f] to [STARTING_PREP]
2023-08-21 17:58:07,914 [main] DEBUG org.apache.catalina.util.LifecycleBase - Setting state for [org.apache.catalina.mapper.MapperListener@5af5d76f] to [STARTING]
2023-08-21 17:58:07,915 [main] DEBUG org.apache.catalina.mapper.Mapper - Registered host [localhost]
2023-08-21 17:58:07,916 [main] DEBUG org.apache.catalina.mapper.MapperListener - Register Wrapper [dispatcherServlet] in Context [] for service [StandardService[Tomcat]]
2023-08-21 17:58:07,916 [main] DEBUG org.apache.catalina.mapper.MapperListener - Register Context [] for service [StandardService[Tomcat]]
2023-08-21 17:58:07,916 [main] DEBUG org.apache.catalina.mapper.MapperListener - Register host [localhost] at domain [null] for service [StandardService[Tomcat]]
2023-08-21 17:58:07,917 [main] DEBUG org.apache.catalina.util.LifecycleBase - Setting state for [org.apache.catalina.mapper.MapperListener@5af5d76f] to [STARTED]
2023-08-21 17:58:07,917 [main] DEBUG org.apache.catalina.util.LifecycleBase - Setting state for [StandardService[Tomcat]] to [STARTED]
2023-08-21 17:58:07,917 [main] DEBUG org.apache.catalina.util.LifecycleBase - Setting state for [StandardServer[-1]] to [STARTED]
2023-08-21 17:59:06,577 [main] INFO  org.apache.coyote.http11.Http11NioProtocol - Initializing ProtocolHandler ["http-nio-9091"]
2023-08-21 17:59:06,582 [main] DEBUG org.apache.catalina.util.LifecycleBase - Setting state for [Connector[org.apache.coyote.http11.Http11NioProtocol-9091]] to [INITIALIZED]
2023-08-21 17:59:06,582 [main] DEBUG org.apache.catalina.util.LifecycleBase - Setting state for [StandardService[Tomcat]] to [INITIALIZED]
2023-08-21 17:59:06,583 [main] DEBUG org.apache.catalina.util.LifecycleBase - Setting state for [StandardServer[-1]] to [INITIALIZED]
2023-08-21 17:59:06,583 [main] DEBUG org.apache.catalina.util.LifecycleBase - Setting state for [StandardServer[-1]] to [STARTING_PREP]
2023-08-21 17:59:06,583 [main] DEBUG org.apache.catalina.util.LifecycleBase - Setting state for [StandardServer[-1]] to [STARTING]
2023-08-21 17:59:06,585 [main] DEBUG org.apache.catalina.util.LifecycleBase - Setting state for [org.apache.catalina.deploy.NamingResourcesImpl@50a13c2f] to [STARTING_PREP]
2023-08-21 17:59:06,585 [main] DEBUG org.apache.catalina.util.LifecycleBase - Setting state for [org.apache.catalina.deploy.NamingResourcesImpl@50a13c2f] to [STARTING]
2023-08-21 17:59:06,586 [main] DEBUG org.apache.catalina.util.LifecycleBase - Setting state for [org.apache.catalina.deploy.NamingResourcesImpl@50a13c2f] to [STARTED]
2023-08-21 17:59:06,586 [main] DEBUG org.apache.catalina.util.LifecycleBase - Setting state for [StandardService[Tomcat]] to [STARTING_PREP]
2023-08-21 17:59:06,586 [main] INFO  org.apache.catalina.core.StandardService - Starting service [Tomcat]
2023-08-21 17:59:06,586 [main] DEBUG org.apache.catalina.util.LifecycleBase - Setting state for [StandardService[Tomcat]] to [STARTING]
2023-08-21 17:59:06,587 [main] DEBUG org.apache.catalina.util.LifecycleBase - Setting state for [StandardEngine[Tomcat]] to [STARTING_PREP]
2023-08-21 17:59:06,588 [main] INFO  org.apache.catalina.core.StandardEngine - Starting Servlet engine: [Apache Tomcat/10.1.11]
2023-08-21 17:59:06,589 [main] DEBUG org.apache.catalina.util.LifecycleBase - Setting state for [SimpleRealm[StandardEngine[Tomcat]]] to [INITIALIZING]
2023-08-21 17:59:06,590 [main] DEBUG org.apache.catalina.util.LifecycleBase - Setting state for [SimpleRealm[StandardEngine[Tomcat]]] to [INITIALIZED]
2023-08-21 17:59:06,590 [main] DEBUG org.apache.catalina.util.LifecycleBase - Setting state for [SimpleRealm[StandardEngine[Tomcat]]] to [STARTING_PREP]
2023-08-21 17:59:06,590 [main] DEBUG org.apache.catalina.util.LifecycleBase - Setting state for [SimpleRealm[StandardEngine[Tomcat]]] to [STARTING]
2023-08-21 17:59:06,590 [main] DEBUG org.apache.catalina.util.LifecycleBase - Setting state for [SimpleRealm[StandardEngine[Tomcat]]] to [STARTED]
2023-08-21 17:59:06,591 [main] DEBUG org.apache.catalina.util.LifecycleBase - Setting state for [StandardEngine[Tomcat].StandardHost[localhost]] to [INITIALIZING]
2023-08-21 17:59:06,591 [main] DEBUG org.apache.catalina.util.LifecycleBase - Setting state for [StandardEngine[Tomcat].StandardHost[localhost]] to [INITIALIZED]
2023-08-21 17:59:06,591 [main] DEBUG org.apache.catalina.util.LifecycleBase - Setting state for [StandardEngine[Tomcat].StandardHost[localhost]] to [STARTING_PREP]
2023-08-21 17:59:06,592 [main] DEBUG org.apache.catalina.util.LifecycleBase - Setting state for [StandardEngine[Tomcat].StandardHost[localhost].TomcatEmbeddedContext[]] to [INITIALIZING]
2023-08-21 17:59:06,592 [main] DEBUG org.apache.catalina.util.LifecycleBase - Setting state for [StandardEngine[Tomcat].StandardHost[localhost].TomcatEmbeddedContext[]] to [INITIALIZED]
2023-08-21 17:59:06,592 [main] DEBUG org.apache.catalina.util.LifecycleBase - Setting state for [StandardEngine[Tomcat].StandardHost[localhost].TomcatEmbeddedContext[]] to [STARTING_PREP]
2023-08-21 17:59:06,593 [main] DEBUG org.apache.catalina.core.StandardContext - Starting ROOT
2023-08-21 17:59:06,603 [main] DEBUG org.apache.catalina.core.StandardContext - Configuring default Resources
2023-08-21 17:59:06,606 [main] DEBUG org.apache.catalina.util.LifecycleBase - Setting state for [org.apache.catalina.webresources.StandardRoot@383c3eb3] to [INITIALIZING]
2023-08-21 17:59:06,608 [main] DEBUG org.apache.catalina.util.LifecycleBase - Setting state for [org.apache.catalina.webresources.StandardRoot@383c3eb3] to [INITIALIZED]
2023-08-21 17:59:06,608 [main] DEBUG org.apache.catalina.util.LifecycleBase - Setting state for [org.apache.catalina.webresources.StandardRoot@383c3eb3] to [STARTING_PREP]
2023-08-21 17:59:06,610 [main] DEBUG org.apache.catalina.util.LifecycleBase - Setting state for [org.apache.catalina.webresources.DirResourceSet@5e13f156] to [INITIALIZING]
2023-08-21 17:59:06,611 [main] DEBUG org.apache.catalina.util.LifecycleBase - Setting state for [org.apache.catalina.webresources.DirResourceSet@5e13f156] to [INITIALIZED]
2023-08-21 17:59:06,611 [main] DEBUG org.apache.catalina.util.LifecycleBase - Setting state for [org.apache.catalina.webresources.DirResourceSet@5e13f156] to [STARTING_PREP]
2023-08-21 17:59:06,611 [main] DEBUG org.apache.catalina.util.LifecycleBase - Setting state for [org.apache.catalina.webresources.DirResourceSet@5e13f156] to [STARTING]
2023-08-21 17:59:06,611 [main] DEBUG org.apache.catalina.util.LifecycleBase - Setting state for [org.apache.catalina.webresources.DirResourceSet@5e13f156] to [STARTED]
2023-08-21 17:59:06,612 [main] DEBUG org.apache.catalina.util.LifecycleBase - Setting state for [org.apache.catalina.webresources.StandardRoot@383c3eb3] to [STARTING]
2023-08-21 17:59:06,612 [main] DEBUG org.apache.catalina.util.LifecycleBase - Setting state for [org.apache.catalina.webresources.StandardRoot@383c3eb3] to [STARTED]
2023-08-21 17:59:06,615 [main] DEBUG org.apache.catalina.core.StandardContext - Processing standard container startup
2023-08-21 17:59:06,615 [main] DEBUG org.apache.catalina.util.LifecycleBase - Setting state for [WebappLoader[StandardEngine[Tomcat].StandardHost[localhost].TomcatEmbeddedContext[]]] to [INITIALIZING]
2023-08-21 17:59:06,616 [main] DEBUG org.apache.catalina.util.LifecycleBase - Setting state for [WebappLoader[StandardEngine[Tomcat].StandardHost[localhost].TomcatEmbeddedContext[]]] to [INITIALIZED]
2023-08-21 17:59:06,616 [main] DEBUG org.apache.catalina.util.LifecycleBase - Setting state for [WebappLoader[StandardEngine[Tomcat].StandardHost[localhost].TomcatEmbeddedContext[]]] to [STARTING_PREP]
2023-08-21 17:59:06,616 [main] DEBUG org.apache.catalina.loader.WebappLoader - Starting this Loader
2023-08-21 17:59:06,622 [main] DEBUG org.apache.catalina.util.LifecycleBase - Setting state for [WebappLoader[StandardEngine[Tomcat].StandardHost[localhost].TomcatEmbeddedContext[]]] to [STARTING]
2023-08-21 17:59:06,622 [main] DEBUG org.apache.catalina.util.LifecycleBase - Setting state for [WebappLoader[StandardEngine[Tomcat].StandardHost[localhost].TomcatEmbeddedContext[]]] to [STARTED]
2023-08-21 17:59:06,701 [main] DEBUG org.apache.catalina.util.LifecycleBase - Setting state for [StandardPipeline[StandardEngine[Tomcat].StandardHost[localhost].TomcatEmbeddedContext[]]] to [INITIALIZING]
2023-08-21 17:59:06,701 [main] DEBUG org.apache.catalina.util.LifecycleBase - Setting state for [StandardPipeline[StandardEngine[Tomcat].StandardHost[localhost].TomcatEmbeddedContext[]]] to [INITIALIZED]
2023-08-21 17:59:06,701 [main] DEBUG org.apache.catalina.util.LifecycleBase - Setting state for [StandardPipeline[StandardEngine[Tomcat].StandardHost[localhost].TomcatEmbeddedContext[]]] to [STARTING_PREP]
2023-08-21 17:59:06,702 [main] DEBUG org.apache.catalina.util.LifecycleBase - Setting state for [NonLoginAuthenticator[StandardEngine[Tomcat].StandardHost[localhost].TomcatEmbeddedContext[]]] to [INITIALIZING]
2023-08-21 17:59:06,702 [main] DEBUG org.apache.catalina.util.LifecycleBase - Setting state for [NonLoginAuthenticator[StandardEngine[Tomcat].StandardHost[localhost].TomcatEmbeddedContext[]]] to [INITIALIZED]
2023-08-21 17:59:06,702 [main] DEBUG org.apache.catalina.util.LifecycleBase - Setting state for [NonLoginAuthenticator[StandardEngine[Tomcat].StandardHost[localhost].TomcatEmbeddedContext[]]] to [STARTING_PREP]
2023-08-21 17:59:06,703 [main] DEBUG org.apache.catalina.authenticator.AuthenticatorBase - No SingleSignOn Valve is present
2023-08-21 17:59:06,704 [main] DEBUG org.apache.catalina.util.LifecycleBase - Setting state for [NonLoginAuthenticator[StandardEngine[Tomcat].StandardHost[localhost].TomcatEmbeddedContext[]]] to [STARTING]
2023-08-21 17:59:06,704 [main] DEBUG org.apache.catalina.util.LifecycleBase - Setting state for [NonLoginAuthenticator[StandardEngine[Tomcat].StandardHost[localhost].TomcatEmbeddedContext[]]] to [STARTED]
2023-08-21 17:59:06,704 [main] DEBUG org.apache.catalina.util.LifecycleBase - Setting state for [StandardContextValve[StandardEngine[Tomcat].StandardHost[localhost].TomcatEmbeddedContext[]]] to [INITIALIZING]
2023-08-21 17:59:06,704 [main] DEBUG org.apache.catalina.util.LifecycleBase - Setting state for [StandardContextValve[StandardEngine[Tomcat].StandardHost[localhost].TomcatEmbeddedContext[]]] to [INITIALIZED]
2023-08-21 17:59:06,704 [main] DEBUG org.apache.catalina.util.LifecycleBase - Setting state for [StandardContextValve[StandardEngine[Tomcat].StandardHost[localhost].TomcatEmbeddedContext[]]] to [STARTING_PREP]
2023-08-21 17:59:06,704 [main] DEBUG org.apache.catalina.util.LifecycleBase - Setting state for [StandardContextValve[StandardEngine[Tomcat].StandardHost[localhost].TomcatEmbeddedContext[]]] to [STARTING]
2023-08-21 17:59:06,704 [main] DEBUG org.apache.catalina.util.LifecycleBase - Setting state for [StandardContextValve[StandardEngine[Tomcat].StandardHost[localhost].TomcatEmbeddedContext[]]] to [STARTED]
2023-08-21 17:59:06,706 [main] DEBUG org.apache.catalina.util.LifecycleBase - Setting state for [StandardPipeline[StandardEngine[Tomcat].StandardHost[localhost].TomcatEmbeddedContext[]]] to [STARTING]
2023-08-21 17:59:06,706 [main] DEBUG org.apache.catalina.util.LifecycleBase - Setting state for [StandardPipeline[StandardEngine[Tomcat].StandardHost[localhost].TomcatEmbeddedContext[]]] to [STARTED]
2023-08-21 17:59:06,706 [main] DEBUG org.apache.catalina.core.StandardContext - No manager found. Checking if cluster manager should be used. Cluster configured: [false], Application distributable: [false]
2023-08-21 17:59:06,710 [main] DEBUG org.apache.catalina.core.StandardContext - Configured a manager of class [org.apache.catalina.session.StandardManager]
2023-08-21 17:59:06,710 [main] DEBUG org.apache.catalina.util.LifecycleBase - Setting state for [org.apache.catalina.deploy.NamingResourcesImpl@4a50d04a] to [INITIALIZING]
2023-08-21 17:59:06,710 [main] DEBUG org.apache.catalina.util.LifecycleBase - Setting state for [org.apache.catalina.deploy.NamingResourcesImpl@4a50d04a] to [INITIALIZED]
2023-08-21 17:59:06,711 [main] DEBUG org.apache.catalina.util.LifecycleBase - Setting state for [org.apache.catalina.deploy.NamingResourcesImpl@4a50d04a] to [STARTING_PREP]
2023-08-21 17:59:06,711 [main] DEBUG org.apache.catalina.util.LifecycleBase - Setting state for [org.apache.catalina.deploy.NamingResourcesImpl@4a50d04a] to [STARTING]
2023-08-21 17:59:06,711 [main] DEBUG org.apache.catalina.util.LifecycleBase - Setting state for [org.apache.catalina.deploy.NamingResourcesImpl@4a50d04a] to [STARTED]
2023-08-21 17:59:06,716 [main] INFO  org.apache.catalina.core.ContainerBase.[Tomcat].[localhost].[/] - Initializing Spring embedded WebApplicationContext
2023-08-21 17:59:06,736 [main] DEBUG org.apache.catalina.core.ContainerBase - Add child StandardWrapper[dispatcherServlet] StandardEngine[Tomcat].StandardHost[localhost].TomcatEmbeddedContext[]
2023-08-21 17:59:06,737 [main] DEBUG org.apache.catalina.util.LifecycleBase - Setting state for [StandardEngine[Tomcat].StandardHost[localhost].TomcatEmbeddedContext[].StandardWrapper[dispatcherServlet]] to [INITIALIZING]
2023-08-21 17:59:06,738 [main] DEBUG org.apache.catalina.util.LifecycleBase - Setting state for [StandardEngine[Tomcat].StandardHost[localhost].TomcatEmbeddedContext[].StandardWrapper[dispatcherServlet]] to [INITIALIZED]
2023-08-21 17:59:06,739 [main] DEBUG org.apache.catalina.util.LifecycleBase - Setting state for [StandardEngine[Tomcat].StandardHost[localhost].TomcatEmbeddedContext[].StandardWrapper[dispatcherServlet]] to [STARTING_PREP]
2023-08-21 17:59:06,739 [main] DEBUG org.apache.catalina.util.LifecycleBase - Setting state for [StandardPipeline[StandardEngine[Tomcat].StandardHost[localhost].TomcatEmbeddedContext[].StandardWrapper[dispatcherServlet]]] to [INITIALIZING]
2023-08-21 17:59:06,739 [main] DEBUG org.apache.catalina.util.LifecycleBase - Setting state for [StandardPipeline[StandardEngine[Tomcat].StandardHost[localhost].TomcatEmbeddedContext[].StandardWrapper[dispatcherServlet]]] to [INITIALIZED]
2023-08-21 17:59:06,740 [main] DEBUG org.apache.catalina.util.LifecycleBase - Setting state for [StandardPipeline[StandardEngine[Tomcat].StandardHost[localhost].TomcatEmbeddedContext[].StandardWrapper[dispatcherServlet]]] to [STARTING_PREP]
2023-08-21 17:59:06,740 [main] DEBUG org.apache.catalina.util.LifecycleBase - Setting state for [StandardWrapperValve[StandardEngine[Tomcat].StandardHost[localhost].TomcatEmbeddedContext[].StandardWrapper[dispatcherServlet]]] to [INITIALIZING]
2023-08-21 17:59:06,740 [main] DEBUG org.apache.catalina.util.LifecycleBase - Setting state for [StandardWrapperValve[StandardEngine[Tomcat].StandardHost[localhost].TomcatEmbeddedContext[].StandardWrapper[dispatcherServlet]]] to [INITIALIZED]
2023-08-21 17:59:06,740 [main] DEBUG org.apache.catalina.util.LifecycleBase - Setting state for [StandardWrapperValve[StandardEngine[Tomcat].StandardHost[localhost].TomcatEmbeddedContext[].StandardWrapper[dispatcherServlet]]] to [STARTING_PREP]
2023-08-21 17:59:06,740 [main] DEBUG org.apache.catalina.util.LifecycleBase - Setting state for [StandardWrapperValve[StandardEngine[Tomcat].StandardHost[localhost].TomcatEmbeddedContext[].StandardWrapper[dispatcherServlet]]] to [STARTING]
2023-08-21 17:59:06,741 [main] DEBUG org.apache.catalina.util.LifecycleBase - Setting state for [StandardWrapperValve[StandardEngine[Tomcat].StandardHost[localhost].TomcatEmbeddedContext[].StandardWrapper[dispatcherServlet]]] to [STARTED]
2023-08-21 17:59:06,741 [main] DEBUG org.apache.catalina.util.LifecycleBase - Setting state for [StandardPipeline[StandardEngine[Tomcat].StandardHost[localhost].TomcatEmbeddedContext[].StandardWrapper[dispatcherServlet]]] to [STARTING]
2023-08-21 17:59:06,741 [main] DEBUG org.apache.catalina.util.LifecycleBase - Setting state for [StandardPipeline[StandardEngine[Tomcat].StandardHost[localhost].TomcatEmbeddedContext[].StandardWrapper[dispatcherServlet]]] to [STARTED]
2023-08-21 17:59:06,741 [main] DEBUG org.apache.catalina.util.LifecycleBase - Setting state for [StandardEngine[Tomcat].StandardHost[localhost].TomcatEmbeddedContext[].StandardWrapper[dispatcherServlet]] to [STARTING]
2023-08-21 17:59:06,742 [main] DEBUG org.apache.catalina.util.LifecycleBase - Setting state for [StandardEngine[Tomcat].StandardHost[localhost].TomcatEmbeddedContext[].StandardWrapper[dispatcherServlet]] to [STARTED]
2023-08-21 17:59:06,759 [main] DEBUG org.apache.catalina.core.StandardContext - Configuring application event listeners
2023-08-21 17:59:06,759 [main] DEBUG org.apache.catalina.core.ContainerBase.[Tomcat].[localhost].[/] - Sending application start events
2023-08-21 17:59:06,761 [main] DEBUG org.apache.catalina.util.LifecycleBase - Setting state for [StandardManager[StandardEngine[Tomcat].StandardHost[localhost].TomcatEmbeddedContext[]]] to [INITIALIZING]
2023-08-21 17:59:06,761 [main] DEBUG org.apache.catalina.util.LifecycleBase - Setting state for [StandardManager[StandardEngine[Tomcat].StandardHost[localhost].TomcatEmbeddedContext[]]] to [INITIALIZED]
2023-08-21 17:59:06,762 [main] DEBUG org.apache.catalina.util.LifecycleBase - Setting state for [StandardManager[StandardEngine[Tomcat].StandardHost[localhost].TomcatEmbeddedContext[]]] to [STARTING_PREP]
2023-08-21 17:59:06,762 [main] DEBUG org.apache.catalina.util.LifecycleBase - Setting state for [org.springframework.boot.web.embedded.tomcat.LazySessionIdGenerator@1e5eb20a] to [INITIALIZING]
2023-08-21 17:59:06,762 [main] DEBUG org.apache.catalina.util.LifecycleBase - Setting state for [org.springframework.boot.web.embedded.tomcat.LazySessionIdGenerator@1e5eb20a] to [INITIALIZED]
2023-08-21 17:59:06,762 [main] DEBUG org.apache.catalina.util.LifecycleBase - Setting state for [org.springframework.boot.web.embedded.tomcat.LazySessionIdGenerator@1e5eb20a] to [STARTING_PREP]
2023-08-21 17:59:06,762 [main] DEBUG org.apache.catalina.util.LifecycleBase - Setting state for [org.springframework.boot.web.embedded.tomcat.LazySessionIdGenerator@1e5eb20a] to [STARTING]
2023-08-21 17:59:06,763 [main] DEBUG org.apache.catalina.util.LifecycleBase - Setting state for [org.springframework.boot.web.embedded.tomcat.LazySessionIdGenerator@1e5eb20a] to [STARTED]
2023-08-21 17:59:06,763 [main] DEBUG org.apache.catalina.session.StandardManager - Start: Loading persisted sessions
2023-08-21 17:59:06,763 [main] DEBUG org.apache.catalina.util.LifecycleBase - Setting state for [StandardManager[StandardEngine[Tomcat].StandardHost[localhost].TomcatEmbeddedContext[]]] to [STARTING]
2023-08-21 17:59:06,764 [main] DEBUG org.apache.catalina.util.LifecycleBase - Setting state for [StandardManager[StandardEngine[Tomcat].StandardHost[localhost].TomcatEmbeddedContext[]]] to [STARTED]
2023-08-21 17:59:06,764 [main] DEBUG org.apache.catalina.core.ContainerBase.[Tomcat].[localhost].[/] - Starting filters
2023-08-21 17:59:06,765 [main] DEBUG org.apache.catalina.core.ContainerBase.[Tomcat].[localhost].[/] -  Starting filter 'requestContextFilter'
2023-08-21 17:59:06,773 [main] DEBUG org.apache.catalina.core.ContainerBase.[Tomcat].[localhost].[/] -  Starting filter 'Tomcat WebSocket (JSR356) Filter'
2023-08-21 17:59:06,773 [main] DEBUG org.apache.catalina.core.ContainerBase.[Tomcat].[localhost].[/] -  Starting filter 'characterEncodingFilter'
2023-08-21 17:59:06,773 [main] DEBUG org.apache.catalina.core.ContainerBase.[Tomcat].[localhost].[/] -  Starting filter 'formContentFilter'
2023-08-21 17:59:06,773 [main] DEBUG org.apache.catalina.core.StandardContext - Starting completed
2023-08-21 17:59:06,774 [main] DEBUG org.apache.catalina.util.LifecycleBase - Setting state for [StandardEngine[Tomcat].StandardHost[localhost].TomcatEmbeddedContext[]] to [STARTING]
2023-08-21 17:59:06,774 [main] DEBUG org.apache.catalina.util.LifecycleBase - Setting state for [StandardEngine[Tomcat].StandardHost[localhost].TomcatEmbeddedContext[]] to [STARTED]
2023-08-21 17:59:06,774 [main] DEBUG org.apache.catalina.util.LifecycleBase - Setting state for [StandardPipeline[StandardEngine[Tomcat].StandardHost[localhost]]] to [INITIALIZING]
2023-08-21 17:59:06,774 [main] DEBUG org.apache.catalina.util.LifecycleBase - Setting state for [StandardPipeline[StandardEngine[Tomcat].StandardHost[localhost]]] to [INITIALIZED]
2023-08-21 17:59:06,775 [main] DEBUG org.apache.catalina.util.LifecycleBase - Setting state for [StandardPipeline[StandardEngine[Tomcat].StandardHost[localhost]]] to [STARTING_PREP]
2023-08-21 17:59:06,775 [main] DEBUG org.apache.catalina.util.LifecycleBase - Setting state for [ErrorReportValve[StandardEngine[Tomcat].StandardHost[localhost]]] to [INITIALIZING]
2023-08-21 17:59:06,776 [main] DEBUG org.apache.catalina.util.LifecycleBase - Setting state for [ErrorReportValve[StandardEngine[Tomcat].StandardHost[localhost]]] to [INITIALIZED]
2023-08-21 17:59:06,776 [main] DEBUG org.apache.catalina.util.LifecycleBase - Setting state for [ErrorReportValve[StandardEngine[Tomcat].StandardHost[localhost]]] to [STARTING_PREP]
2023-08-21 17:59:06,776 [main] DEBUG org.apache.catalina.util.LifecycleBase - Setting state for [ErrorReportValve[StandardEngine[Tomcat].StandardHost[localhost]]] to [STARTING]
2023-08-21 17:59:06,776 [main] DEBUG org.apache.catalina.util.LifecycleBase - Setting state for [ErrorReportValve[StandardEngine[Tomcat].StandardHost[localhost]]] to [STARTED]
2023-08-21 17:59:06,776 [main] DEBUG org.apache.catalina.util.LifecycleBase - Setting state for [StandardHostValve[StandardEngine[Tomcat].StandardHost[localhost]]] to [INITIALIZING]
2023-08-21 17:59:06,778 [main] DEBUG org.apache.catalina.util.LifecycleBase - Setting state for [StandardHostValve[StandardEngine[Tomcat].StandardHost[localhost]]] to [INITIALIZED]
2023-08-21 17:59:06,778 [main] DEBUG org.apache.catalina.util.LifecycleBase - Setting state for [StandardHostValve[StandardEngine[Tomcat].StandardHost[localhost]]] to [STARTING_PREP]
2023-08-21 17:59:06,778 [main] DEBUG org.apache.catalina.util.LifecycleBase - Setting state for [StandardHostValve[StandardEngine[Tomcat].StandardHost[localhost]]] to [STARTING]
2023-08-21 17:59:06,778 [main] DEBUG org.apache.catalina.util.LifecycleBase - Setting state for [StandardHostValve[StandardEngine[Tomcat].StandardHost[localhost]]] to [STARTED]
2023-08-21 17:59:06,778 [main] DEBUG org.apache.catalina.util.LifecycleBase - Setting state for [StandardPipeline[StandardEngine[Tomcat].StandardHost[localhost]]] to [STARTING]
2023-08-21 17:59:06,779 [main] DEBUG org.apache.catalina.util.LifecycleBase - Setting state for [StandardPipeline[StandardEngine[Tomcat].StandardHost[localhost]]] to [STARTED]
2023-08-21 17:59:06,779 [main] DEBUG org.apache.catalina.util.LifecycleBase - Setting state for [StandardEngine[Tomcat].StandardHost[localhost]] to [STARTING]
2023-08-21 17:59:06,780 [main] DEBUG org.apache.catalina.util.LifecycleBase - Setting state for [StandardEngine[Tomcat].StandardHost[localhost]] to [STARTED]
2023-08-21 17:59:06,780 [main] DEBUG org.apache.catalina.util.LifecycleBase - Setting state for [StandardPipeline[StandardEngine[Tomcat]]] to [INITIALIZING]
2023-08-21 17:59:06,780 [main] DEBUG org.apache.catalina.util.LifecycleBase - Setting state for [StandardPipeline[StandardEngine[Tomcat]]] to [INITIALIZED]
2023-08-21 17:59:06,781 [main] DEBUG org.apache.catalina.util.LifecycleBase - Setting state for [StandardPipeline[StandardEngine[Tomcat]]] to [STARTING_PREP]
2023-08-21 17:59:06,781 [main] DEBUG org.apache.catalina.util.LifecycleBase - Setting state for [StandardEngineValve[StandardEngine[Tomcat]]] to [INITIALIZING]
2023-08-21 17:59:06,781 [main] DEBUG org.apache.catalina.util.LifecycleBase - Setting state for [StandardEngineValve[StandardEngine[Tomcat]]] to [INITIALIZED]
2023-08-21 17:59:06,781 [main] DEBUG org.apache.catalina.util.LifecycleBase - Setting state for [StandardEngineValve[StandardEngine[Tomcat]]] to [STARTING_PREP]
2023-08-21 17:59:06,782 [main] DEBUG org.apache.catalina.util.LifecycleBase - Setting state for [StandardEngineValve[StandardEngine[Tomcat]]] to [STARTING]
2023-08-21 17:59:06,782 [main] DEBUG org.apache.catalina.util.LifecycleBase - Setting state for [StandardEngineValve[StandardEngine[Tomcat]]] to [STARTED]
2023-08-21 17:59:06,782 [main] DEBUG org.apache.catalina.util.LifecycleBase - Setting state for [StandardPipeline[StandardEngine[Tomcat]]] to [STARTING]
2023-08-21 17:59:06,782 [main] DEBUG org.apache.catalina.util.LifecycleBase - Setting state for [StandardPipeline[StandardEngine[Tomcat]]] to [STARTED]
2023-08-21 17:59:06,782 [main] DEBUG org.apache.catalina.util.LifecycleBase - Setting state for [StandardEngine[Tomcat]] to [STARTING]
2023-08-21 17:59:06,787 [main] DEBUG org.apache.catalina.util.LifecycleBase - Setting state for [StandardEngine[Tomcat]] to [STARTED]
2023-08-21 17:59:06,788 [main] DEBUG org.apache.catalina.util.LifecycleBase - Setting state for [org.apache.catalina.mapper.MapperListener@7e87ef9e] to [STARTING_PREP]
2023-08-21 17:59:06,788 [main] DEBUG org.apache.catalina.util.LifecycleBase - Setting state for [org.apache.catalina.mapper.MapperListener@7e87ef9e] to [STARTING]
2023-08-21 17:59:06,789 [main] DEBUG org.apache.catalina.mapper.Mapper - Registered host [localhost]
2023-08-21 17:59:06,791 [main] DEBUG org.apache.catalina.mapper.MapperListener - Register Wrapper [dispatcherServlet] in Context [] for service [StandardService[Tomcat]]
2023-08-21 17:59:06,792 [main] DEBUG org.apache.catalina.mapper.MapperListener - Register Context [] for service [StandardService[Tomcat]]
2023-08-21 17:59:06,792 [main] DEBUG org.apache.catalina.mapper.MapperListener - Register host [localhost] at domain [null] for service [StandardService[Tomcat]]
2023-08-21 17:59:06,792 [main] DEBUG org.apache.catalina.util.LifecycleBase - Setting state for [org.apache.catalina.mapper.MapperListener@7e87ef9e] to [STARTED]
2023-08-21 17:59:06,793 [main] DEBUG org.apache.catalina.util.LifecycleBase - Setting state for [StandardService[Tomcat]] to [STARTED]
2023-08-21 17:59:06,794 [main] DEBUG org.apache.catalina.util.LifecycleBase - Setting state for [StandardServer[-1]] to [STARTED]
2023-08-21 17:59:13,341 [main] INFO  org.apache.coyote.http11.Http11NioProtocol - Initializing ProtocolHandler ["http-nio-9091"]
2023-08-21 17:59:13,346 [main] INFO  org.apache.catalina.core.StandardService - Starting service [Tomcat]
2023-08-21 17:59:13,347 [main] INFO  org.apache.catalina.core.StandardEngine - Starting Servlet engine: [Apache Tomcat/10.1.11]
2023-08-21 17:59:13,462 [main] INFO  org.apache.catalina.core.ContainerBase.[Tomcat].[localhost].[/] - Initializing Spring embedded WebApplicationContext
2023-08-21 17:59:25,480 [main] INFO  org.apache.coyote.http11.Http11NioProtocol - Initializing ProtocolHandler ["http-nio-9091"]
2023-08-21 17:59:25,492 [main] INFO  org.apache.catalina.core.StandardService - Starting service [Tomcat]
2023-08-21 17:59:25,492 [main] INFO  org.apache.catalina.core.StandardEngine - Starting Servlet engine: [Apache Tomcat/10.1.11]
2023-08-21 17:59:25,638 [main] INFO  org.apache.catalina.core.ContainerBase.[Tomcat].[localhost].[/] - Initializing Spring embedded WebApplicationContext
2023-08-21 18:00:10,046 [main] INFO  org.apache.coyote.http11.Http11NioProtocol - Initializing ProtocolHandler ["http-nio-9091"]
2023-08-21 18:00:10,150 [main] INFO  org.apache.catalina.core.StandardService - Starting service [Tomcat]
2023-08-21 18:00:10,151 [main] INFO  org.apache.catalina.core.StandardEngine - Starting Servlet engine: [Apache Tomcat/10.1.11]
2023-08-21 18:00:10,373 [main] INFO  org.apache.catalina.core.ContainerBase.[Tomcat].[localhost].[/] - Initializing Spring embedded WebApplicationContext
2023-08-21 18:00:32,473 [main] INFO  org.apache.coyote.http11.Http11NioProtocol - Initializing ProtocolHandler ["http-nio-9091"]
2023-08-21 18:00:32,480 [main] INFO  org.apache.catalina.core.StandardService - Starting service [Tomcat]
2023-08-21 18:00:32,481 [main] INFO  org.apache.catalina.core.StandardEngine - Starting Servlet engine: [Apache Tomcat/10.1.11]
2023-08-21 18:00:32,601 [main] INFO  org.apache.catalina.core.ContainerBase.[Tomcat].[localhost].[/] - Initializing Spring embedded WebApplicationContext
2023-08-21 18:01:03,827 [main] INFO  org.apache.coyote.http11.Http11NioProtocol - Initializing ProtocolHandler ["http-nio-9091"]
2023-08-21 18:01:03,831 [main] DEBUG org.apache.catalina.util.LifecycleBase - Setting state for [Connector[org.apache.coyote.http11.Http11NioProtocol-9091]] to [INITIALIZED]
2023-08-21 18:01:03,832 [main] DEBUG org.apache.catalina.util.LifecycleBase - Setting state for [StandardService[Tomcat]] to [INITIALIZED]
2023-08-21 18:01:03,832 [main] DEBUG org.apache.catalina.util.LifecycleBase - Setting state for [StandardServer[-1]] to [INITIALIZED]
2023-08-21 18:01:03,832 [main] DEBUG org.apache.catalina.util.LifecycleBase - Setting state for [StandardServer[-1]] to [STARTING_PREP]
2023-08-21 18:01:03,833 [main] DEBUG org.apache.catalina.util.LifecycleBase - Setting state for [StandardServer[-1]] to [STARTING]
2023-08-21 18:01:03,834 [main] DEBUG org.apache.catalina.util.LifecycleBase - Setting state for [org.apache.catalina.deploy.NamingResourcesImpl@77c1e611] to [STARTING_PREP]
2023-08-21 18:01:03,834 [main] DEBUG org.apache.catalina.util.LifecycleBase - Setting state for [org.apache.catalina.deploy.NamingResourcesImpl@77c1e611] to [STARTING]
2023-08-21 18:01:03,834 [main] DEBUG org.apache.catalina.util.LifecycleBase - Setting state for [org.apache.catalina.deploy.NamingResourcesImpl@77c1e611] to [STARTED]
2023-08-21 18:01:03,834 [main] DEBUG org.apache.catalina.util.LifecycleBase - Setting state for [StandardService[Tomcat]] to [STARTING_PREP]
2023-08-21 18:01:03,835 [main] INFO  org.apache.catalina.core.StandardService - Starting service [Tomcat]
2023-08-21 18:01:03,835 [main] DEBUG org.apache.catalina.util.LifecycleBase - Setting state for [StandardService[Tomcat]] to [STARTING]
2023-08-21 18:01:03,835 [main] DEBUG org.apache.catalina.util.LifecycleBase - Setting state for [StandardEngine[Tomcat]] to [STARTING_PREP]
2023-08-21 18:01:03,835 [main] INFO  org.apache.catalina.core.StandardEngine - Starting Servlet engine: [Apache Tomcat/10.1.11]
2023-08-21 18:01:03,836 [main] DEBUG org.apache.catalina.util.LifecycleBase - Setting state for [SimpleRealm[StandardEngine[Tomcat]]] to [INITIALIZING]
2023-08-21 18:01:03,837 [main] DEBUG org.apache.catalina.util.LifecycleBase - Setting state for [SimpleRealm[StandardEngine[Tomcat]]] to [INITIALIZED]
2023-08-21 18:01:03,837 [main] DEBUG org.apache.catalina.util.LifecycleBase - Setting state for [SimpleRealm[StandardEngine[Tomcat]]] to [STARTING_PREP]
2023-08-21 18:01:03,837 [main] DEBUG org.apache.catalina.util.LifecycleBase - Setting state for [SimpleRealm[StandardEngine[Tomcat]]] to [STARTING]
2023-08-21 18:01:03,837 [main] DEBUG org.apache.catalina.util.LifecycleBase - Setting state for [SimpleRealm[StandardEngine[Tomcat]]] to [STARTED]
2023-08-21 18:01:03,838 [main] DEBUG org.apache.catalina.util.LifecycleBase - Setting state for [StandardEngine[Tomcat].StandardHost[localhost]] to [INITIALIZING]
2023-08-21 18:01:03,838 [main] DEBUG org.apache.catalina.util.LifecycleBase - Setting state for [StandardEngine[Tomcat].StandardHost[localhost]] to [INITIALIZED]
2023-08-21 18:01:03,838 [main] DEBUG org.apache.catalina.util.LifecycleBase - Setting state for [StandardEngine[Tomcat].StandardHost[localhost]] to [STARTING_PREP]
2023-08-21 18:01:03,839 [main] DEBUG org.apache.catalina.util.LifecycleBase - Setting state for [StandardEngine[Tomcat].StandardHost[localhost].TomcatEmbeddedContext[]] to [INITIALIZING]
2023-08-21 18:01:03,839 [main] DEBUG org.apache.catalina.util.LifecycleBase - Setting state for [StandardEngine[Tomcat].StandardHost[localhost].TomcatEmbeddedContext[]] to [INITIALIZED]
2023-08-21 18:01:03,839 [main] DEBUG org.apache.catalina.util.LifecycleBase - Setting state for [StandardEngine[Tomcat].StandardHost[localhost].TomcatEmbeddedContext[]] to [STARTING_PREP]
2023-08-21 18:01:03,840 [main] DEBUG org.apache.catalina.core.StandardContext - Starting ROOT
2023-08-21 18:01:03,851 [main] DEBUG org.apache.catalina.core.StandardContext - Configuring default Resources
2023-08-21 18:01:03,853 [main] DEBUG org.apache.catalina.util.LifecycleBase - Setting state for [org.apache.catalina.webresources.StandardRoot@3a17b2e3] to [INITIALIZING]
2023-08-21 18:01:03,855 [main] DEBUG org.apache.catalina.util.LifecycleBase - Setting state for [org.apache.catalina.webresources.StandardRoot@3a17b2e3] to [INITIALIZED]
2023-08-21 18:01:03,856 [main] DEBUG org.apache.catalina.util.LifecycleBase - Setting state for [org.apache.catalina.webresources.StandardRoot@3a17b2e3] to [STARTING_PREP]
2023-08-21 18:01:03,857 [main] DEBUG org.apache.catalina.util.LifecycleBase - Setting state for [org.apache.catalina.webresources.DirResourceSet@68b366e2] to [INITIALIZING]
2023-08-21 18:01:03,858 [main] DEBUG org.apache.catalina.util.LifecycleBase - Setting state for [org.apache.catalina.webresources.DirResourceSet@68b366e2] to [INITIALIZED]
2023-08-21 18:01:03,858 [main] DEBUG org.apache.catalina.util.LifecycleBase - Setting state for [org.apache.catalina.webresources.DirResourceSet@68b366e2] to [STARTING_PREP]
2023-08-21 18:01:03,859 [main] DEBUG org.apache.catalina.util.LifecycleBase - Setting state for [org.apache.catalina.webresources.DirResourceSet@68b366e2] to [STARTING]
2023-08-21 18:01:03,859 [main] DEBUG org.apache.catalina.util.LifecycleBase - Setting state for [org.apache.catalina.webresources.DirResourceSet@68b366e2] to [STARTED]
2023-08-21 18:01:03,859 [main] DEBUG org.apache.catalina.util.LifecycleBase - Setting state for [org.apache.catalina.webresources.StandardRoot@3a17b2e3] to [STARTING]
2023-08-21 18:01:03,859 [main] DEBUG org.apache.catalina.util.LifecycleBase - Setting state for [org.apache.catalina.webresources.StandardRoot@3a17b2e3] to [STARTED]
2023-08-21 18:01:03,862 [main] DEBUG org.apache.catalina.core.StandardContext - Processing standard container startup
2023-08-21 18:01:03,862 [main] DEBUG org.apache.catalina.util.LifecycleBase - Setting state for [WebappLoader[StandardEngine[Tomcat].StandardHost[localhost].TomcatEmbeddedContext[]]] to [INITIALIZING]
2023-08-21 18:01:03,863 [main] DEBUG org.apache.catalina.util.LifecycleBase - Setting state for [WebappLoader[StandardEngine[Tomcat].StandardHost[localhost].TomcatEmbeddedContext[]]] to [INITIALIZED]
2023-08-21 18:01:03,863 [main] DEBUG org.apache.catalina.util.LifecycleBase - Setting state for [WebappLoader[StandardEngine[Tomcat].StandardHost[localhost].TomcatEmbeddedContext[]]] to [STARTING_PREP]
2023-08-21 18:01:03,863 [main] DEBUG org.apache.catalina.loader.WebappLoader - Starting this Loader
2023-08-21 18:01:03,870 [main] DEBUG org.apache.catalina.util.LifecycleBase - Setting state for [WebappLoader[StandardEngine[Tomcat].StandardHost[localhost].TomcatEmbeddedContext[]]] to [STARTING]
2023-08-21 18:01:03,870 [main] DEBUG org.apache.catalina.util.LifecycleBase - Setting state for [WebappLoader[StandardEngine[Tomcat].StandardHost[localhost].TomcatEmbeddedContext[]]] to [STARTED]
2023-08-21 18:01:03,951 [main] DEBUG org.apache.catalina.util.LifecycleBase - Setting state for [StandardPipeline[StandardEngine[Tomcat].StandardHost[localhost].TomcatEmbeddedContext[]]] to [INITIALIZING]
2023-08-21 18:01:03,952 [main] DEBUG org.apache.catalina.util.LifecycleBase - Setting state for [StandardPipeline[StandardEngine[Tomcat].StandardHost[localhost].TomcatEmbeddedContext[]]] to [INITIALIZED]
2023-08-21 18:01:03,952 [main] DEBUG org.apache.catalina.util.LifecycleBase - Setting state for [StandardPipeline[StandardEngine[Tomcat].StandardHost[localhost].TomcatEmbeddedContext[]]] to [STARTING_PREP]
2023-08-21 18:01:03,953 [main] DEBUG org.apache.catalina.util.LifecycleBase - Setting state for [NonLoginAuthenticator[StandardEngine[Tomcat].StandardHost[localhost].TomcatEmbeddedContext[]]] to [INITIALIZING]
2023-08-21 18:01:03,953 [main] DEBUG org.apache.catalina.util.LifecycleBase - Setting state for [NonLoginAuthenticator[StandardEngine[Tomcat].StandardHost[localhost].TomcatEmbeddedContext[]]] to [INITIALIZED]
2023-08-21 18:01:03,953 [main] DEBUG org.apache.catalina.util.LifecycleBase - Setting state for [NonLoginAuthenticator[StandardEngine[Tomcat].StandardHost[localhost].TomcatEmbeddedContext[]]] to [STARTING_PREP]
2023-08-21 18:01:03,955 [main] DEBUG org.apache.catalina.authenticator.AuthenticatorBase - No SingleSignOn Valve is present
2023-08-21 18:01:03,955 [main] DEBUG org.apache.catalina.util.LifecycleBase - Setting state for [NonLoginAuthenticator[StandardEngine[Tomcat].StandardHost[localhost].TomcatEmbeddedContext[]]] to [STARTING]
2023-08-21 18:01:03,956 [main] DEBUG org.apache.catalina.util.LifecycleBase - Setting state for [NonLoginAuthenticator[StandardEngine[Tomcat].StandardHost[localhost].TomcatEmbeddedContext[]]] to [STARTED]
2023-08-21 18:01:03,956 [main] DEBUG org.apache.catalina.util.LifecycleBase - Setting state for [StandardContextValve[StandardEngine[Tomcat].StandardHost[localhost].TomcatEmbeddedContext[]]] to [INITIALIZING]
2023-08-21 18:01:03,956 [main] DEBUG org.apache.catalina.util.LifecycleBase - Setting state for [StandardContextValve[StandardEngine[Tomcat].StandardHost[localhost].TomcatEmbeddedContext[]]] to [INITIALIZED]
2023-08-21 18:01:03,956 [main] DEBUG org.apache.catalina.util.LifecycleBase - Setting state for [StandardContextValve[StandardEngine[Tomcat].StandardHost[localhost].TomcatEmbeddedContext[]]] to [STARTING_PREP]
2023-08-21 18:01:03,957 [main] DEBUG org.apache.catalina.util.LifecycleBase - Setting state for [StandardContextValve[StandardEngine[Tomcat].StandardHost[localhost].TomcatEmbeddedContext[]]] to [STARTING]
2023-08-21 18:01:03,957 [main] DEBUG org.apache.catalina.util.LifecycleBase - Setting state for [StandardContextValve[StandardEngine[Tomcat].StandardHost[localhost].TomcatEmbeddedContext[]]] to [STARTED]
2023-08-21 18:01:03,957 [main] DEBUG org.apache.catalina.util.LifecycleBase - Setting state for [StandardPipeline[StandardEngine[Tomcat].StandardHost[localhost].TomcatEmbeddedContext[]]] to [STARTING]
2023-08-21 18:01:03,957 [main] DEBUG org.apache.catalina.util.LifecycleBase - Setting state for [StandardPipeline[StandardEngine[Tomcat].StandardHost[localhost].TomcatEmbeddedContext[]]] to [STARTED]
2023-08-21 18:01:03,957 [main] DEBUG org.apache.catalina.core.StandardContext - No manager found. Checking if cluster manager should be used. Cluster configured: [false], Application distributable: [false]
2023-08-21 18:01:03,961 [main] DEBUG org.apache.catalina.core.StandardContext - Configured a manager of class [org.apache.catalina.session.StandardManager]
2023-08-21 18:01:03,961 [main] DEBUG org.apache.catalina.util.LifecycleBase - Setting state for [org.apache.catalina.deploy.NamingResourcesImpl@2accaec2] to [INITIALIZING]
2023-08-21 18:01:03,962 [main] DEBUG org.apache.catalina.util.LifecycleBase - Setting state for [org.apache.catalina.deploy.NamingResourcesImpl@2accaec2] to [INITIALIZED]
2023-08-21 18:01:03,962 [main] DEBUG org.apache.catalina.util.LifecycleBase - Setting state for [org.apache.catalina.deploy.NamingResourcesImpl@2accaec2] to [STARTING_PREP]
2023-08-21 18:01:03,962 [main] DEBUG org.apache.catalina.util.LifecycleBase - Setting state for [org.apache.catalina.deploy.NamingResourcesImpl@2accaec2] to [STARTING]
2023-08-21 18:01:03,962 [main] DEBUG org.apache.catalina.util.LifecycleBase - Setting state for [org.apache.catalina.deploy.NamingResourcesImpl@2accaec2] to [STARTED]
2023-08-21 18:01:03,968 [main] INFO  org.apache.catalina.core.ContainerBase.[Tomcat].[localhost].[/] - Initializing Spring embedded WebApplicationContext
2023-08-21 18:01:03,990 [main] DEBUG org.apache.catalina.core.ContainerBase - Add child StandardWrapper[dispatcherServlet] StandardEngine[Tomcat].StandardHost[localhost].TomcatEmbeddedContext[]
2023-08-21 18:01:03,991 [main] DEBUG org.apache.catalina.util.LifecycleBase - Setting state for [StandardEngine[Tomcat].StandardHost[localhost].TomcatEmbeddedContext[].StandardWrapper[dispatcherServlet]] to [INITIALIZING]
2023-08-21 18:01:03,992 [main] DEBUG org.apache.catalina.util.LifecycleBase - Setting state for [StandardEngine[Tomcat].StandardHost[localhost].TomcatEmbeddedContext[].StandardWrapper[dispatcherServlet]] to [INITIALIZED]
2023-08-21 18:01:03,992 [main] DEBUG org.apache.catalina.util.LifecycleBase - Setting state for [StandardEngine[Tomcat].StandardHost[localhost].TomcatEmbeddedContext[].StandardWrapper[dispatcherServlet]] to [STARTING_PREP]
2023-08-21 18:01:03,993 [main] DEBUG org.apache.catalina.util.LifecycleBase - Setting state for [StandardPipeline[StandardEngine[Tomcat].StandardHost[localhost].TomcatEmbeddedContext[].StandardWrapper[dispatcherServlet]]] to [INITIALIZING]
2023-08-21 18:01:03,993 [main] DEBUG org.apache.catalina.util.LifecycleBase - Setting state for [StandardPipeline[StandardEngine[Tomcat].StandardHost[localhost].TomcatEmbeddedContext[].StandardWrapper[dispatcherServlet]]] to [INITIALIZED]
2023-08-21 18:01:03,993 [main] DEBUG org.apache.catalina.util.LifecycleBase - Setting state for [StandardPipeline[StandardEngine[Tomcat].StandardHost[localhost].TomcatEmbeddedContext[].StandardWrapper[dispatcherServlet]]] to [STARTING_PREP]
2023-08-21 18:01:03,994 [main] DEBUG org.apache.catalina.util.LifecycleBase - Setting state for [StandardWrapperValve[StandardEngine[Tomcat].StandardHost[localhost].TomcatEmbeddedContext[].StandardWrapper[dispatcherServlet]]] to [INITIALIZING]
2023-08-21 18:01:03,994 [main] DEBUG org.apache.catalina.util.LifecycleBase - Setting state for [StandardWrapperValve[StandardEngine[Tomcat].StandardHost[localhost].TomcatEmbeddedContext[].StandardWrapper[dispatcherServlet]]] to [INITIALIZED]
2023-08-21 18:01:03,995 [main] DEBUG org.apache.catalina.util.LifecycleBase - Setting state for [StandardWrapperValve[StandardEngine[Tomcat].StandardHost[localhost].TomcatEmbeddedContext[].StandardWrapper[dispatcherServlet]]] to [STARTING_PREP]
2023-08-21 18:01:03,995 [main] DEBUG org.apache.catalina.util.LifecycleBase - Setting state for [StandardWrapperValve[StandardEngine[Tomcat].StandardHost[localhost].TomcatEmbeddedContext[].StandardWrapper[dispatcherServlet]]] to [STARTING]
2023-08-21 18:01:03,995 [main] DEBUG org.apache.catalina.util.LifecycleBase - Setting state for [StandardWrapperValve[StandardEngine[Tomcat].StandardHost[localhost].TomcatEmbeddedContext[].StandardWrapper[dispatcherServlet]]] to [STARTED]
2023-08-21 18:01:03,995 [main] DEBUG org.apache.catalina.util.LifecycleBase - Setting state for [StandardPipeline[StandardEngine[Tomcat].StandardHost[localhost].TomcatEmbeddedContext[].StandardWrapper[dispatcherServlet]]] to [STARTING]
2023-08-21 18:01:03,996 [main] DEBUG org.apache.catalina.util.LifecycleBase - Setting state for [StandardPipeline[StandardEngine[Tomcat].StandardHost[localhost].TomcatEmbeddedContext[].StandardWrapper[dispatcherServlet]]] to [STARTED]
2023-08-21 18:01:03,996 [main] DEBUG org.apache.catalina.util.LifecycleBase - Setting state for [StandardEngine[Tomcat].StandardHost[localhost].TomcatEmbeddedContext[].StandardWrapper[dispatcherServlet]] to [STARTING]
2023-08-21 18:01:03,996 [main] DEBUG org.apache.catalina.util.LifecycleBase - Setting state for [StandardEngine[Tomcat].StandardHost[localhost].TomcatEmbeddedContext[].StandardWrapper[dispatcherServlet]] to [STARTED]
2023-08-21 18:01:04,017 [main] DEBUG org.apache.catalina.core.StandardContext - Configuring application event listeners
2023-08-21 18:01:04,018 [main] DEBUG org.apache.catalina.core.ContainerBase.[Tomcat].[localhost].[/] - Sending application start events
2023-08-21 18:01:04,021 [main] DEBUG org.apache.catalina.util.LifecycleBase - Setting state for [StandardManager[StandardEngine[Tomcat].StandardHost[localhost].TomcatEmbeddedContext[]]] to [INITIALIZING]
2023-08-21 18:01:04,022 [main] DEBUG org.apache.catalina.util.LifecycleBase - Setting state for [StandardManager[StandardEngine[Tomcat].StandardHost[localhost].TomcatEmbeddedContext[]]] to [INITIALIZED]
2023-08-21 18:01:04,022 [main] DEBUG org.apache.catalina.util.LifecycleBase - Setting state for [StandardManager[StandardEngine[Tomcat].StandardHost[localhost].TomcatEmbeddedContext[]]] to [STARTING_PREP]
2023-08-21 18:01:04,022 [main] DEBUG org.apache.catalina.util.LifecycleBase - Setting state for [org.springframework.boot.web.embedded.tomcat.LazySessionIdGenerator@7a1b8a46] to [INITIALIZING]
2023-08-21 18:01:04,023 [main] DEBUG org.apache.catalina.util.LifecycleBase - Setting state for [org.springframework.boot.web.embedded.tomcat.LazySessionIdGenerator@7a1b8a46] to [INITIALIZED]
2023-08-21 18:01:04,023 [main] DEBUG org.apache.catalina.util.LifecycleBase - Setting state for [org.springframework.boot.web.embedded.tomcat.LazySessionIdGenerator@7a1b8a46] to [STARTING_PREP]
2023-08-21 18:01:04,023 [main] DEBUG org.apache.catalina.util.LifecycleBase - Setting state for [org.springframework.boot.web.embedded.tomcat.LazySessionIdGenerator@7a1b8a46] to [STARTING]
2023-08-21 18:01:04,023 [main] DEBUG org.apache.catalina.util.LifecycleBase - Setting state for [org.springframework.boot.web.embedded.tomcat.LazySessionIdGenerator@7a1b8a46] to [STARTED]
2023-08-21 18:01:04,023 [main] DEBUG org.apache.catalina.session.StandardManager - Start: Loading persisted sessions
2023-08-21 18:01:04,023 [main] DEBUG org.apache.catalina.util.LifecycleBase - Setting state for [StandardManager[StandardEngine[Tomcat].StandardHost[localhost].TomcatEmbeddedContext[]]] to [STARTING]
2023-08-21 18:01:04,023 [main] DEBUG org.apache.catalina.util.LifecycleBase - Setting state for [StandardManager[StandardEngine[Tomcat].StandardHost[localhost].TomcatEmbeddedContext[]]] to [STARTED]
2023-08-21 18:01:04,024 [main] DEBUG org.apache.catalina.core.ContainerBase.[Tomcat].[localhost].[/] - Starting filters
2023-08-21 18:01:04,024 [main] DEBUG org.apache.catalina.core.ContainerBase.[Tomcat].[localhost].[/] -  Starting filter 'requestContextFilter'
2023-08-21 18:01:04,031 [main] DEBUG org.apache.catalina.core.ContainerBase.[Tomcat].[localhost].[/] -  Starting filter 'Tomcat WebSocket (JSR356) Filter'
2023-08-21 18:01:04,032 [main] DEBUG org.apache.catalina.core.ContainerBase.[Tomcat].[localhost].[/] -  Starting filter 'characterEncodingFilter'
2023-08-21 18:01:04,033 [main] DEBUG org.apache.catalina.core.ContainerBase.[Tomcat].[localhost].[/] -  Starting filter 'formContentFilter'
2023-08-21 18:01:04,034 [main] DEBUG org.apache.catalina.core.StandardContext - Starting completed
2023-08-21 18:01:04,035 [main] DEBUG org.apache.catalina.util.LifecycleBase - Setting state for [StandardEngine[Tomcat].StandardHost[localhost].TomcatEmbeddedContext[]] to [STARTING]
2023-08-21 18:01:04,035 [main] DEBUG org.apache.catalina.util.LifecycleBase - Setting state for [StandardEngine[Tomcat].StandardHost[localhost].TomcatEmbeddedContext[]] to [STARTED]
2023-08-21 18:01:04,035 [main] DEBUG org.apache.catalina.util.LifecycleBase - Setting state for [StandardPipeline[StandardEngine[Tomcat].StandardHost[localhost]]] to [INITIALIZING]
2023-08-21 18:01:04,036 [main] DEBUG org.apache.catalina.util.LifecycleBase - Setting state for [StandardPipeline[StandardEngine[Tomcat].StandardHost[localhost]]] to [INITIALIZED]
2023-08-21 18:01:04,036 [main] DEBUG org.apache.catalina.util.LifecycleBase - Setting state for [StandardPipeline[StandardEngine[Tomcat].StandardHost[localhost]]] to [STARTING_PREP]
2023-08-21 18:01:04,036 [main] DEBUG org.apache.catalina.util.LifecycleBase - Setting state for [ErrorReportValve[StandardEngine[Tomcat].StandardHost[localhost]]] to [INITIALIZING]
2023-08-21 18:01:04,036 [main] DEBUG org.apache.catalina.util.LifecycleBase - Setting state for [ErrorReportValve[StandardEngine[Tomcat].StandardHost[localhost]]] to [INITIALIZED]
2023-08-21 18:01:04,037 [main] DEBUG org.apache.catalina.util.LifecycleBase - Setting state for [ErrorReportValve[StandardEngine[Tomcat].StandardHost[localhost]]] to [STARTING_PREP]
2023-08-21 18:01:04,037 [main] DEBUG org.apache.catalina.util.LifecycleBase - Setting state for [ErrorReportValve[StandardEngine[Tomcat].StandardHost[localhost]]] to [STARTING]
2023-08-21 18:01:04,037 [main] DEBUG org.apache.catalina.util.LifecycleBase - Setting state for [ErrorReportValve[StandardEngine[Tomcat].StandardHost[localhost]]] to [STARTED]
2023-08-21 18:01:04,037 [main] DEBUG org.apache.catalina.util.LifecycleBase - Setting state for [StandardHostValve[StandardEngine[Tomcat].StandardHost[localhost]]] to [INITIALIZING]
2023-08-21 18:01:04,038 [main] DEBUG org.apache.catalina.util.LifecycleBase - Setting state for [StandardHostValve[StandardEngine[Tomcat].StandardHost[localhost]]] to [INITIALIZED]
2023-08-21 18:01:04,038 [main] DEBUG org.apache.catalina.util.LifecycleBase - Setting state for [StandardHostValve[StandardEngine[Tomcat].StandardHost[localhost]]] to [STARTING_PREP]
2023-08-21 18:01:04,038 [main] DEBUG org.apache.catalina.util.LifecycleBase - Setting state for [StandardHostValve[StandardEngine[Tomcat].StandardHost[localhost]]] to [STARTING]
2023-08-21 18:01:04,038 [main] DEBUG org.apache.catalina.util.LifecycleBase - Setting state for [StandardHostValve[StandardEngine[Tomcat].StandardHost[localhost]]] to [STARTED]
2023-08-21 18:01:04,038 [main] DEBUG org.apache.catalina.util.LifecycleBase - Setting state for [StandardPipeline[StandardEngine[Tomcat].StandardHost[localhost]]] to [STARTING]
2023-08-21 18:01:04,039 [main] DEBUG org.apache.catalina.util.LifecycleBase - Setting state for [StandardPipeline[StandardEngine[Tomcat].StandardHost[localhost]]] to [STARTED]
2023-08-21 18:01:04,039 [main] DEBUG org.apache.catalina.util.LifecycleBase - Setting state for [StandardEngine[Tomcat].StandardHost[localhost]] to [STARTING]
2023-08-21 18:01:04,039 [main] DEBUG org.apache.catalina.util.LifecycleBase - Setting state for [StandardEngine[Tomcat].StandardHost[localhost]] to [STARTED]
2023-08-21 18:01:04,040 [main] DEBUG org.apache.catalina.util.LifecycleBase - Setting state for [StandardPipeline[StandardEngine[Tomcat]]] to [INITIALIZING]
2023-08-21 18:01:04,040 [main] DEBUG org.apache.catalina.util.LifecycleBase - Setting state for [StandardPipeline[StandardEngine[Tomcat]]] to [INITIALIZED]
2023-08-21 18:01:04,040 [main] DEBUG org.apache.catalina.util.LifecycleBase - Setting state for [StandardPipeline[StandardEngine[Tomcat]]] to [STARTING_PREP]
2023-08-21 18:01:04,040 [main] DEBUG org.apache.catalina.util.LifecycleBase - Setting state for [StandardEngineValve[StandardEngine[Tomcat]]] to [INITIALIZING]
2023-08-21 18:01:04,041 [main] DEBUG org.apache.catalina.util.LifecycleBase - Setting state for [StandardEngineValve[StandardEngine[Tomcat]]] to [INITIALIZED]
2023-08-21 18:01:04,041 [main] DEBUG org.apache.catalina.util.LifecycleBase - Setting state for [StandardEngineValve[StandardEngine[Tomcat]]] to [STARTING_PREP]
2023-08-21 18:01:04,041 [main] DEBUG org.apache.catalina.util.LifecycleBase - Setting state for [StandardEngineValve[StandardEngine[Tomcat]]] to [STARTING]
2023-08-21 18:01:04,042 [main] DEBUG org.apache.catalina.util.LifecycleBase - Setting state for [StandardEngineValve[StandardEngine[Tomcat]]] to [STARTED]
2023-08-21 18:01:04,042 [main] DEBUG org.apache.catalina.util.LifecycleBase - Setting state for [StandardPipeline[StandardEngine[Tomcat]]] to [STARTING]
2023-08-21 18:01:04,042 [main] DEBUG org.apache.catalina.util.LifecycleBase - Setting state for [StandardPipeline[StandardEngine[Tomcat]]] to [STARTED]
2023-08-21 18:01:04,042 [main] DEBUG org.apache.catalina.util.LifecycleBase - Setting state for [StandardEngine[Tomcat]] to [STARTING]
2023-08-21 18:01:04,046 [main] DEBUG org.apache.catalina.util.LifecycleBase - Setting state for [StandardEngine[Tomcat]] to [STARTED]
2023-08-21 18:01:04,046 [main] DEBUG org.apache.catalina.util.LifecycleBase - Setting state for [org.apache.catalina.mapper.MapperListener@298b64f7] to [STARTING_PREP]
2023-08-21 18:01:04,047 [main] DEBUG org.apache.catalina.util.LifecycleBase - Setting state for [org.apache.catalina.mapper.MapperListener@298b64f7] to [STARTING]
2023-08-21 18:01:04,049 [main] DEBUG org.apache.catalina.mapper.Mapper - Registered host [localhost]
2023-08-21 18:01:04,051 [main] DEBUG org.apache.catalina.mapper.MapperListener - Register Wrapper [dispatcherServlet] in Context [] for service [StandardService[Tomcat]]
2023-08-21 18:01:04,051 [main] DEBUG org.apache.catalina.mapper.MapperListener - Register Context [] for service [StandardService[Tomcat]]
2023-08-21 18:01:04,052 [main] DEBUG org.apache.catalina.mapper.MapperListener - Register host [localhost] at domain [null] for service [StandardService[Tomcat]]
2023-08-21 18:01:04,052 [main] DEBUG org.apache.catalina.util.LifecycleBase - Setting state for [org.apache.catalina.mapper.MapperListener@298b64f7] to [STARTED]
2023-08-21 18:01:04,052 [main] DEBUG org.apache.catalina.util.LifecycleBase - Setting state for [StandardService[Tomcat]] to [STARTED]
2023-08-21 18:01:04,053 [main] DEBUG org.apache.catalina.util.LifecycleBase - Setting state for [StandardServer[-1]] to [STARTED]
2023-08-21 19:03:19,185 [main] INFO  org.apache.coyote.http11.Http11NioProtocol - Initializing ProtocolHandler ["http-nio-9091"]
2023-08-21 19:03:19,287 [main] DEBUG org.apache.catalina.util.LifecycleBase - Setting state for [Connector[org.apache.coyote.http11.Http11NioProtocol-9091]] to [INITIALIZED]
2023-08-21 19:03:19,288 [main] DEBUG org.apache.catalina.util.LifecycleBase - Setting state for [StandardService[Tomcat]] to [INITIALIZED]
2023-08-21 19:03:19,288 [main] DEBUG org.apache.catalina.util.LifecycleBase - Setting state for [StandardServer[-1]] to [INITIALIZED]
2023-08-21 19:03:19,288 [main] DEBUG org.apache.catalina.util.LifecycleBase - Setting state for [StandardServer[-1]] to [STARTING_PREP]
2023-08-21 19:03:19,289 [main] DEBUG org.apache.catalina.util.LifecycleBase - Setting state for [StandardServer[-1]] to [STARTING]
2023-08-21 19:03:19,292 [main] DEBUG org.apache.catalina.util.LifecycleBase - Setting state for [org.apache.catalina.deploy.NamingResourcesImpl@7885776b] to [STARTING_PREP]
2023-08-21 19:03:19,293 [main] DEBUG org.apache.catalina.util.LifecycleBase - Setting state for [org.apache.catalina.deploy.NamingResourcesImpl@7885776b] to [STARTING]
2023-08-21 19:03:19,293 [main] DEBUG org.apache.catalina.util.LifecycleBase - Setting state for [org.apache.catalina.deploy.NamingResourcesImpl@7885776b] to [STARTED]
2023-08-21 19:03:19,293 [main] DEBUG org.apache.catalina.util.LifecycleBase - Setting state for [StandardService[Tomcat]] to [STARTING_PREP]
2023-08-21 19:03:19,294 [main] INFO  org.apache.catalina.core.StandardService - Starting service [Tomcat]
2023-08-21 19:03:19,294 [main] DEBUG org.apache.catalina.util.LifecycleBase - Setting state for [StandardService[Tomcat]] to [STARTING]
2023-08-21 19:03:19,295 [main] DEBUG org.apache.catalina.util.LifecycleBase - Setting state for [StandardEngine[Tomcat]] to [STARTING_PREP]
2023-08-21 19:03:19,295 [main] INFO  org.apache.catalina.core.StandardEngine - Starting Servlet engine: [Apache Tomcat/10.1.11]
2023-08-21 19:03:19,296 [main] DEBUG org.apache.catalina.util.LifecycleBase - Setting state for [SimpleRealm[StandardEngine[Tomcat]]] to [INITIALIZING]
2023-08-21 19:03:19,298 [main] DEBUG org.apache.catalina.util.LifecycleBase - Setting state for [SimpleRealm[StandardEngine[Tomcat]]] to [INITIALIZED]
2023-08-21 19:03:19,300 [main] DEBUG org.apache.catalina.util.LifecycleBase - Setting state for [SimpleRealm[StandardEngine[Tomcat]]] to [STARTING_PREP]
2023-08-21 19:03:19,301 [main] DEBUG org.apache.catalina.util.LifecycleBase - Setting state for [SimpleRealm[StandardEngine[Tomcat]]] to [STARTING]
2023-08-21 19:03:19,301 [main] DEBUG org.apache.catalina.util.LifecycleBase - Setting state for [SimpleRealm[StandardEngine[Tomcat]]] to [STARTED]
2023-08-21 19:03:19,302 [main] DEBUG org.apache.catalina.util.LifecycleBase - Setting state for [StandardEngine[Tomcat].StandardHost[localhost]] to [INITIALIZING]
2023-08-21 19:03:19,302 [main] DEBUG org.apache.catalina.util.LifecycleBase - Setting state for [StandardEngine[Tomcat].StandardHost[localhost]] to [INITIALIZED]
2023-08-21 19:03:19,303 [main] DEBUG org.apache.catalina.util.LifecycleBase - Setting state for [StandardEngine[Tomcat].StandardHost[localhost]] to [STARTING_PREP]
2023-08-21 19:03:19,303 [main] DEBUG org.apache.catalina.util.LifecycleBase - Setting state for [StandardEngine[Tomcat].StandardHost[localhost].TomcatEmbeddedContext[]] to [INITIALIZING]
2023-08-21 19:03:19,323 [main] DEBUG org.apache.catalina.util.LifecycleBase - Setting state for [StandardEngine[Tomcat].StandardHost[localhost].TomcatEmbeddedContext[]] to [INITIALIZED]
2023-08-21 19:03:19,323 [main] DEBUG org.apache.catalina.util.LifecycleBase - Setting state for [StandardEngine[Tomcat].StandardHost[localhost].TomcatEmbeddedContext[]] to [STARTING_PREP]
2023-08-21 19:03:19,324 [main] DEBUG org.apache.catalina.core.StandardContext - Starting ROOT
2023-08-21 19:03:19,338 [main] DEBUG org.apache.catalina.core.StandardContext - Configuring default Resources
2023-08-21 19:03:19,344 [main] DEBUG org.apache.catalina.util.LifecycleBase - Setting state for [org.apache.catalina.webresources.StandardRoot@7f7b6639] to [INITIALIZING]
2023-08-21 19:03:19,347 [main] DEBUG org.apache.catalina.util.LifecycleBase - Setting state for [org.apache.catalina.webresources.StandardRoot@7f7b6639] to [INITIALIZED]
2023-08-21 19:03:19,347 [main] DEBUG org.apache.catalina.util.LifecycleBase - Setting state for [org.apache.catalina.webresources.StandardRoot@7f7b6639] to [STARTING_PREP]
2023-08-21 19:03:19,352 [main] DEBUG org.apache.catalina.util.LifecycleBase - Setting state for [org.apache.catalina.webresources.DirResourceSet@27443560] to [INITIALIZING]
2023-08-21 19:03:19,355 [main] DEBUG org.apache.catalina.util.LifecycleBase - Setting state for [org.apache.catalina.webresources.DirResourceSet@27443560] to [INITIALIZED]
2023-08-21 19:03:19,355 [main] DEBUG org.apache.catalina.util.LifecycleBase - Setting state for [org.apache.catalina.webresources.DirResourceSet@27443560] to [STARTING_PREP]
2023-08-21 19:03:19,355 [main] DEBUG org.apache.catalina.util.LifecycleBase - Setting state for [org.apache.catalina.webresources.DirResourceSet@27443560] to [STARTING]
2023-08-21 19:03:19,356 [main] DEBUG org.apache.catalina.util.LifecycleBase - Setting state for [org.apache.catalina.webresources.DirResourceSet@27443560] to [STARTED]
2023-08-21 19:03:19,356 [main] DEBUG org.apache.catalina.util.LifecycleBase - Setting state for [org.apache.catalina.webresources.StandardRoot@7f7b6639] to [STARTING]
2023-08-21 19:03:19,356 [main] DEBUG org.apache.catalina.util.LifecycleBase - Setting state for [org.apache.catalina.webresources.StandardRoot@7f7b6639] to [STARTED]
2023-08-21 19:03:19,361 [main] DEBUG org.apache.catalina.core.StandardContext - Processing standard container startup
2023-08-21 19:03:19,361 [main] DEBUG org.apache.catalina.util.LifecycleBase - Setting state for [WebappLoader[StandardEngine[Tomcat].StandardHost[localhost].TomcatEmbeddedContext[]]] to [INITIALIZING]
2023-08-21 19:03:19,362 [main] DEBUG org.apache.catalina.util.LifecycleBase - Setting state for [WebappLoader[StandardEngine[Tomcat].StandardHost[localhost].TomcatEmbeddedContext[]]] to [INITIALIZED]
2023-08-21 19:03:19,362 [main] DEBUG org.apache.catalina.util.LifecycleBase - Setting state for [WebappLoader[StandardEngine[Tomcat].StandardHost[localhost].TomcatEmbeddedContext[]]] to [STARTING_PREP]
2023-08-21 19:03:19,362 [main] DEBUG org.apache.catalina.loader.WebappLoader - Starting this Loader
2023-08-21 19:03:19,371 [main] DEBUG org.apache.catalina.util.LifecycleBase - Setting state for [WebappLoader[StandardEngine[Tomcat].StandardHost[localhost].TomcatEmbeddedContext[]]] to [STARTING]
2023-08-21 19:03:19,372 [main] DEBUG org.apache.catalina.util.LifecycleBase - Setting state for [WebappLoader[StandardEngine[Tomcat].StandardHost[localhost].TomcatEmbeddedContext[]]] to [STARTED]
2023-08-21 19:03:19,488 [main] DEBUG org.apache.catalina.util.LifecycleBase - Setting state for [StandardPipeline[StandardEngine[Tomcat].StandardHost[localhost].TomcatEmbeddedContext[]]] to [INITIALIZING]
2023-08-21 19:03:19,488 [main] DEBUG org.apache.catalina.util.LifecycleBase - Setting state for [StandardPipeline[StandardEngine[Tomcat].StandardHost[localhost].TomcatEmbeddedContext[]]] to [INITIALIZED]
2023-08-21 19:03:19,489 [main] DEBUG org.apache.catalina.util.LifecycleBase - Setting state for [StandardPipeline[StandardEngine[Tomcat].StandardHost[localhost].TomcatEmbeddedContext[]]] to [STARTING_PREP]
2023-08-21 19:03:19,489 [main] DEBUG org.apache.catalina.util.LifecycleBase - Setting state for [NonLoginAuthenticator[StandardEngine[Tomcat].StandardHost[localhost].TomcatEmbeddedContext[]]] to [INITIALIZING]
2023-08-21 19:03:19,489 [main] DEBUG org.apache.catalina.util.LifecycleBase - Setting state for [NonLoginAuthenticator[StandardEngine[Tomcat].StandardHost[localhost].TomcatEmbeddedContext[]]] to [INITIALIZED]
2023-08-21 19:03:19,489 [main] DEBUG org.apache.catalina.util.LifecycleBase - Setting state for [NonLoginAuthenticator[StandardEngine[Tomcat].StandardHost[localhost].TomcatEmbeddedContext[]]] to [STARTING_PREP]
2023-08-21 19:03:19,491 [main] DEBUG org.apache.catalina.authenticator.AuthenticatorBase - No SingleSignOn Valve is present
2023-08-21 19:03:19,491 [main] DEBUG org.apache.catalina.util.LifecycleBase - Setting state for [NonLoginAuthenticator[StandardEngine[Tomcat].StandardHost[localhost].TomcatEmbeddedContext[]]] to [STARTING]
2023-08-21 19:03:19,492 [main] DEBUG org.apache.catalina.util.LifecycleBase - Setting state for [NonLoginAuthenticator[StandardEngine[Tomcat].StandardHost[localhost].TomcatEmbeddedContext[]]] to [STARTED]
2023-08-21 19:03:19,492 [main] DEBUG org.apache.catalina.util.LifecycleBase - Setting state for [StandardContextValve[StandardEngine[Tomcat].StandardHost[localhost].TomcatEmbeddedContext[]]] to [INITIALIZING]
2023-08-21 19:03:19,492 [main] DEBUG org.apache.catalina.util.LifecycleBase - Setting state for [StandardContextValve[StandardEngine[Tomcat].StandardHost[localhost].TomcatEmbeddedContext[]]] to [INITIALIZED]
2023-08-21 19:03:19,493 [main] DEBUG org.apache.catalina.util.LifecycleBase - Setting state for [StandardContextValve[StandardEngine[Tomcat].StandardHost[localhost].TomcatEmbeddedContext[]]] to [STARTING_PREP]
2023-08-21 19:03:19,493 [main] DEBUG org.apache.catalina.util.LifecycleBase - Setting state for [StandardContextValve[StandardEngine[Tomcat].StandardHost[localhost].TomcatEmbeddedContext[]]] to [STARTING]
2023-08-21 19:03:19,493 [main] DEBUG org.apache.catalina.util.LifecycleBase - Setting state for [StandardContextValve[StandardEngine[Tomcat].StandardHost[localhost].TomcatEmbeddedContext[]]] to [STARTED]
2023-08-21 19:03:19,493 [main] DEBUG org.apache.catalina.util.LifecycleBase - Setting state for [StandardPipeline[StandardEngine[Tomcat].StandardHost[localhost].TomcatEmbeddedContext[]]] to [STARTING]
2023-08-21 19:03:19,494 [main] DEBUG org.apache.catalina.util.LifecycleBase - Setting state for [StandardPipeline[StandardEngine[Tomcat].StandardHost[localhost].TomcatEmbeddedContext[]]] to [STARTED]
2023-08-21 19:03:19,494 [main] DEBUG org.apache.catalina.core.StandardContext - No manager found. Checking if cluster manager should be used. Cluster configured: [false], Application distributable: [false]
2023-08-21 19:03:19,502 [main] DEBUG org.apache.catalina.core.StandardContext - Configured a manager of class [org.apache.catalina.session.StandardManager]
2023-08-21 19:03:19,503 [main] DEBUG org.apache.catalina.util.LifecycleBase - Setting state for [org.apache.catalina.deploy.NamingResourcesImpl@36790bec] to [INITIALIZING]
2023-08-21 19:03:19,503 [main] DEBUG org.apache.catalina.util.LifecycleBase - Setting state for [org.apache.catalina.deploy.NamingResourcesImpl@36790bec] to [INITIALIZED]
2023-08-21 19:03:19,504 [main] DEBUG org.apache.catalina.util.LifecycleBase - Setting state for [org.apache.catalina.deploy.NamingResourcesImpl@36790bec] to [STARTING_PREP]
2023-08-21 19:03:19,504 [main] DEBUG org.apache.catalina.util.LifecycleBase - Setting state for [org.apache.catalina.deploy.NamingResourcesImpl@36790bec] to [STARTING]
2023-08-21 19:03:19,504 [main] DEBUG org.apache.catalina.util.LifecycleBase - Setting state for [org.apache.catalina.deploy.NamingResourcesImpl@36790bec] to [STARTED]
2023-08-21 19:03:19,512 [main] INFO  org.apache.catalina.core.ContainerBase.[Tomcat].[localhost].[/] - Initializing Spring embedded WebApplicationContext
2023-08-21 19:03:19,533 [main] DEBUG org.apache.catalina.core.ContainerBase - Add child StandardWrapper[dispatcherServlet] StandardEngine[Tomcat].StandardHost[localhost].TomcatEmbeddedContext[]
2023-08-21 19:03:19,533 [main] DEBUG org.apache.catalina.util.LifecycleBase - Setting state for [StandardEngine[Tomcat].StandardHost[localhost].TomcatEmbeddedContext[].StandardWrapper[dispatcherServlet]] to [INITIALIZING]
2023-08-21 19:03:19,534 [main] DEBUG org.apache.catalina.util.LifecycleBase - Setting state for [StandardEngine[Tomcat].StandardHost[localhost].TomcatEmbeddedContext[].StandardWrapper[dispatcherServlet]] to [INITIALIZED]
2023-08-21 19:03:19,534 [main] DEBUG org.apache.catalina.util.LifecycleBase - Setting state for [StandardEngine[Tomcat].StandardHost[localhost].TomcatEmbeddedContext[].StandardWrapper[dispatcherServlet]] to [STARTING_PREP]
2023-08-21 19:03:19,534 [main] DEBUG org.apache.catalina.util.LifecycleBase - Setting state for [StandardPipeline[StandardEngine[Tomcat].StandardHost[localhost].TomcatEmbeddedContext[].StandardWrapper[dispatcherServlet]]] to [INITIALIZING]
2023-08-21 19:03:19,534 [main] DEBUG org.apache.catalina.util.LifecycleBase - Setting state for [StandardPipeline[StandardEngine[Tomcat].StandardHost[localhost].TomcatEmbeddedContext[].StandardWrapper[dispatcherServlet]]] to [INITIALIZED]
2023-08-21 19:03:19,535 [main] DEBUG org.apache.catalina.util.LifecycleBase - Setting state for [StandardPipeline[StandardEngine[Tomcat].StandardHost[localhost].TomcatEmbeddedContext[].StandardWrapper[dispatcherServlet]]] to [STARTING_PREP]
2023-08-21 19:03:19,535 [main] DEBUG org.apache.catalina.util.LifecycleBase - Setting state for [StandardWrapperValve[StandardEngine[Tomcat].StandardHost[localhost].TomcatEmbeddedContext[].StandardWrapper[dispatcherServlet]]] to [INITIALIZING]
2023-08-21 19:03:19,535 [main] DEBUG org.apache.catalina.util.LifecycleBase - Setting state for [StandardWrapperValve[StandardEngine[Tomcat].StandardHost[localhost].TomcatEmbeddedContext[].StandardWrapper[dispatcherServlet]]] to [INITIALIZED]
2023-08-21 19:03:19,535 [main] DEBUG org.apache.catalina.util.LifecycleBase - Setting state for [StandardWrapperValve[StandardEngine[Tomcat].StandardHost[localhost].TomcatEmbeddedContext[].StandardWrapper[dispatcherServlet]]] to [STARTING_PREP]
2023-08-21 19:03:19,535 [main] DEBUG org.apache.catalina.util.LifecycleBase - Setting state for [StandardWrapperValve[StandardEngine[Tomcat].StandardHost[localhost].TomcatEmbeddedContext[].StandardWrapper[dispatcherServlet]]] to [STARTING]
2023-08-21 19:03:19,536 [main] DEBUG org.apache.catalina.util.LifecycleBase - Setting state for [StandardWrapperValve[StandardEngine[Tomcat].StandardHost[localhost].TomcatEmbeddedContext[].StandardWrapper[dispatcherServlet]]] to [STARTED]
2023-08-21 19:03:19,536 [main] DEBUG org.apache.catalina.util.LifecycleBase - Setting state for [StandardPipeline[StandardEngine[Tomcat].StandardHost[localhost].TomcatEmbeddedContext[].StandardWrapper[dispatcherServlet]]] to [STARTING]
2023-08-21 19:03:19,536 [main] DEBUG org.apache.catalina.util.LifecycleBase - Setting state for [StandardPipeline[StandardEngine[Tomcat].StandardHost[localhost].TomcatEmbeddedContext[].StandardWrapper[dispatcherServlet]]] to [STARTED]
2023-08-21 19:03:19,536 [main] DEBUG org.apache.catalina.util.LifecycleBase - Setting state for [StandardEngine[Tomcat].StandardHost[localhost].TomcatEmbeddedContext[].StandardWrapper[dispatcherServlet]] to [STARTING]
2023-08-21 19:03:19,536 [main] DEBUG org.apache.catalina.util.LifecycleBase - Setting state for [StandardEngine[Tomcat].StandardHost[localhost].TomcatEmbeddedContext[].StandardWrapper[dispatcherServlet]] to [STARTED]
2023-08-21 19:03:19,564 [main] DEBUG org.apache.catalina.core.StandardContext - Configuring application event listeners
2023-08-21 19:03:19,564 [main] DEBUG org.apache.catalina.core.ContainerBase.[Tomcat].[localhost].[/] - Sending application start events
2023-08-21 19:03:19,566 [main] DEBUG org.apache.catalina.util.LifecycleBase - Setting state for [StandardManager[StandardEngine[Tomcat].StandardHost[localhost].TomcatEmbeddedContext[]]] to [INITIALIZING]
2023-08-21 19:03:19,566 [main] DEBUG org.apache.catalina.util.LifecycleBase - Setting state for [StandardManager[StandardEngine[Tomcat].StandardHost[localhost].TomcatEmbeddedContext[]]] to [INITIALIZED]
2023-08-21 19:03:19,567 [main] DEBUG org.apache.catalina.util.LifecycleBase - Setting state for [StandardManager[StandardEngine[Tomcat].StandardHost[localhost].TomcatEmbeddedContext[]]] to [STARTING_PREP]
2023-08-21 19:03:19,567 [main] DEBUG org.apache.catalina.util.LifecycleBase - Setting state for [org.springframework.boot.web.embedded.tomcat.LazySessionIdGenerator@46fb0c33] to [INITIALIZING]
2023-08-21 19:03:19,567 [main] DEBUG org.apache.catalina.util.LifecycleBase - Setting state for [org.springframework.boot.web.embedded.tomcat.LazySessionIdGenerator@46fb0c33] to [INITIALIZED]
2023-08-21 19:03:19,567 [main] DEBUG org.apache.catalina.util.LifecycleBase - Setting state for [org.springframework.boot.web.embedded.tomcat.LazySessionIdGenerator@46fb0c33] to [STARTING_PREP]
2023-08-21 19:03:19,567 [main] DEBUG org.apache.catalina.util.LifecycleBase - Setting state for [org.springframework.boot.web.embedded.tomcat.LazySessionIdGenerator@46fb0c33] to [STARTING]
2023-08-21 19:03:19,567 [main] DEBUG org.apache.catalina.util.LifecycleBase - Setting state for [org.springframework.boot.web.embedded.tomcat.LazySessionIdGenerator@46fb0c33] to [STARTED]
2023-08-21 19:03:19,567 [main] DEBUG org.apache.catalina.session.StandardManager - Start: Loading persisted sessions
2023-08-21 19:03:19,568 [main] DEBUG org.apache.catalina.util.LifecycleBase - Setting state for [StandardManager[StandardEngine[Tomcat].StandardHost[localhost].TomcatEmbeddedContext[]]] to [STARTING]
2023-08-21 19:03:19,568 [main] DEBUG org.apache.catalina.util.LifecycleBase - Setting state for [StandardManager[StandardEngine[Tomcat].StandardHost[localhost].TomcatEmbeddedContext[]]] to [STARTED]
2023-08-21 19:03:19,568 [main] DEBUG org.apache.catalina.core.ContainerBase.[Tomcat].[localhost].[/] - Starting filters
2023-08-21 19:03:19,569 [main] DEBUG org.apache.catalina.core.ContainerBase.[Tomcat].[localhost].[/] -  Starting filter 'requestContextFilter'
2023-08-21 19:03:19,575 [main] DEBUG org.apache.catalina.core.ContainerBase.[Tomcat].[localhost].[/] -  Starting filter 'Tomcat WebSocket (JSR356) Filter'
2023-08-21 19:03:19,575 [main] DEBUG org.apache.catalina.core.ContainerBase.[Tomcat].[localhost].[/] -  Starting filter 'characterEncodingFilter'
2023-08-21 19:03:19,576 [main] DEBUG org.apache.catalina.core.ContainerBase.[Tomcat].[localhost].[/] -  Starting filter 'formContentFilter'
2023-08-21 19:03:19,576 [main] DEBUG org.apache.catalina.core.StandardContext - Starting completed
2023-08-21 19:03:19,576 [main] DEBUG org.apache.catalina.util.LifecycleBase - Setting state for [StandardEngine[Tomcat].StandardHost[localhost].TomcatEmbeddedContext[]] to [STARTING]
2023-08-21 19:03:19,576 [main] DEBUG org.apache.catalina.util.LifecycleBase - Setting state for [StandardEngine[Tomcat].StandardHost[localhost].TomcatEmbeddedContext[]] to [STARTED]
2023-08-21 19:03:19,576 [main] DEBUG org.apache.catalina.util.LifecycleBase - Setting state for [StandardPipeline[StandardEngine[Tomcat].StandardHost[localhost]]] to [INITIALIZING]
2023-08-21 19:03:19,576 [main] DEBUG org.apache.catalina.util.LifecycleBase - Setting state for [StandardPipeline[StandardEngine[Tomcat].StandardHost[localhost]]] to [INITIALIZED]
2023-08-21 19:03:19,578 [main] DEBUG org.apache.catalina.util.LifecycleBase - Setting state for [StandardPipeline[StandardEngine[Tomcat].StandardHost[localhost]]] to [STARTING_PREP]
2023-08-21 19:03:19,578 [main] DEBUG org.apache.catalina.util.LifecycleBase - Setting state for [ErrorReportValve[StandardEngine[Tomcat].StandardHost[localhost]]] to [INITIALIZING]
2023-08-21 19:03:19,578 [main] DEBUG org.apache.catalina.util.LifecycleBase - Setting state for [ErrorReportValve[StandardEngine[Tomcat].StandardHost[localhost]]] to [INITIALIZED]
2023-08-21 19:03:19,578 [main] DEBUG org.apache.catalina.util.LifecycleBase - Setting state for [ErrorReportValve[StandardEngine[Tomcat].StandardHost[localhost]]] to [STARTING_PREP]
2023-08-21 19:03:19,578 [main] DEBUG org.apache.catalina.util.LifecycleBase - Setting state for [ErrorReportValve[StandardEngine[Tomcat].StandardHost[localhost]]] to [STARTING]
2023-08-21 19:03:19,578 [main] DEBUG org.apache.catalina.util.LifecycleBase - Setting state for [ErrorReportValve[StandardEngine[Tomcat].StandardHost[localhost]]] to [STARTED]
2023-08-21 19:03:19,579 [main] DEBUG org.apache.catalina.util.LifecycleBase - Setting state for [StandardHostValve[StandardEngine[Tomcat].StandardHost[localhost]]] to [INITIALIZING]
2023-08-21 19:03:19,579 [main] DEBUG org.apache.catalina.util.LifecycleBase - Setting state for [StandardHostValve[StandardEngine[Tomcat].StandardHost[localhost]]] to [INITIALIZED]
2023-08-21 19:03:19,579 [main] DEBUG org.apache.catalina.util.LifecycleBase - Setting state for [StandardHostValve[StandardEngine[Tomcat].StandardHost[localhost]]] to [STARTING_PREP]
2023-08-21 19:03:19,579 [main] DEBUG org.apache.catalina.util.LifecycleBase - Setting state for [StandardHostValve[StandardEngine[Tomcat].StandardHost[localhost]]] to [STARTING]
2023-08-21 19:03:19,579 [main] DEBUG org.apache.catalina.util.LifecycleBase - Setting state for [StandardHostValve[StandardEngine[Tomcat].StandardHost[localhost]]] to [STARTED]
2023-08-21 19:03:19,580 [main] DEBUG org.apache.catalina.util.LifecycleBase - Setting state for [StandardPipeline[StandardEngine[Tomcat].StandardHost[localhost]]] to [STARTING]
2023-08-21 19:03:19,580 [main] DEBUG org.apache.catalina.util.LifecycleBase - Setting state for [StandardPipeline[StandardEngine[Tomcat].StandardHost[localhost]]] to [STARTED]
2023-08-21 19:03:19,580 [main] DEBUG org.apache.catalina.util.LifecycleBase - Setting state for [StandardEngine[Tomcat].StandardHost[localhost]] to [STARTING]
2023-08-21 19:03:19,580 [main] DEBUG org.apache.catalina.util.LifecycleBase - Setting state for [StandardEngine[Tomcat].StandardHost[localhost]] to [STARTED]
2023-08-21 19:03:19,580 [main] DEBUG org.apache.catalina.util.LifecycleBase - Setting state for [StandardPipeline[StandardEngine[Tomcat]]] to [INITIALIZING]
2023-08-21 19:03:19,580 [main] DEBUG org.apache.catalina.util.LifecycleBase - Setting state for [StandardPipeline[StandardEngine[Tomcat]]] to [INITIALIZED]
2023-08-21 19:03:19,581 [main] DEBUG org.apache.catalina.util.LifecycleBase - Setting state for [StandardPipeline[StandardEngine[Tomcat]]] to [STARTING_PREP]
2023-08-21 19:03:19,581 [main] DEBUG org.apache.catalina.util.LifecycleBase - Setting state for [StandardEngineValve[StandardEngine[Tomcat]]] to [INITIALIZING]
2023-08-21 19:03:19,581 [main] DEBUG org.apache.catalina.util.LifecycleBase - Setting state for [StandardEngineValve[StandardEngine[Tomcat]]] to [INITIALIZED]
2023-08-21 19:03:19,582 [main] DEBUG org.apache.catalina.util.LifecycleBase - Setting state for [StandardEngineValve[StandardEngine[Tomcat]]] to [STARTING_PREP]
2023-08-21 19:03:19,583 [main] DEBUG org.apache.catalina.util.LifecycleBase - Setting state for [StandardEngineValve[StandardEngine[Tomcat]]] to [STARTING]
2023-08-21 19:03:19,583 [main] DEBUG org.apache.catalina.util.LifecycleBase - Setting state for [StandardEngineValve[StandardEngine[Tomcat]]] to [STARTED]
2023-08-21 19:03:19,584 [main] DEBUG org.apache.catalina.util.LifecycleBase - Setting state for [StandardPipeline[StandardEngine[Tomcat]]] to [STARTING]
2023-08-21 19:03:19,584 [main] DEBUG org.apache.catalina.util.LifecycleBase - Setting state for [StandardPipeline[StandardEngine[Tomcat]]] to [STARTED]
2023-08-21 19:03:19,584 [main] DEBUG org.apache.catalina.util.LifecycleBase - Setting state for [StandardEngine[Tomcat]] to [STARTING]
2023-08-21 19:03:19,587 [main] DEBUG org.apache.catalina.util.LifecycleBase - Setting state for [StandardEngine[Tomcat]] to [STARTED]
2023-08-21 19:03:19,587 [main] DEBUG org.apache.catalina.util.LifecycleBase - Setting state for [org.apache.catalina.mapper.MapperListener@2a47597] to [STARTING_PREP]
2023-08-21 19:03:19,587 [main] DEBUG org.apache.catalina.util.LifecycleBase - Setting state for [org.apache.catalina.mapper.MapperListener@2a47597] to [STARTING]
2023-08-21 19:03:19,588 [main] DEBUG org.apache.catalina.mapper.Mapper - Registered host [localhost]
2023-08-21 19:03:19,589 [main] DEBUG org.apache.catalina.mapper.MapperListener - Register Wrapper [dispatcherServlet] in Context [] for service [StandardService[Tomcat]]
2023-08-21 19:03:19,590 [main] DEBUG org.apache.catalina.mapper.MapperListener - Register Context [] for service [StandardService[Tomcat]]
2023-08-21 19:03:19,590 [main] DEBUG org.apache.catalina.mapper.MapperListener - Register host [localhost] at domain [null] for service [StandardService[Tomcat]]
2023-08-21 19:03:19,590 [main] DEBUG org.apache.catalina.util.LifecycleBase - Setting state for [org.apache.catalina.mapper.MapperListener@2a47597] to [STARTED]
2023-08-21 19:03:19,590 [main] DEBUG org.apache.catalina.util.LifecycleBase - Setting state for [StandardService[Tomcat]] to [STARTED]
2023-08-21 19:03:19,591 [main] DEBUG org.apache.catalina.util.LifecycleBase - Setting state for [StandardServer[-1]] to [STARTED]
2023-08-21 19:03:57,987 [main] INFO  org.apache.coyote.http11.Http11NioProtocol - Initializing ProtocolHandler ["http-nio-9091"]
2023-08-21 19:03:57,991 [main] DEBUG org.apache.catalina.util.LifecycleBase - Setting state for [Connector[org.apache.coyote.http11.Http11NioProtocol-9091]] to [INITIALIZED]
2023-08-21 19:03:57,991 [main] DEBUG org.apache.catalina.util.LifecycleBase - Setting state for [StandardService[Tomcat]] to [INITIALIZED]
2023-08-21 19:03:57,991 [main] DEBUG org.apache.catalina.util.LifecycleBase - Setting state for [StandardServer[-1]] to [INITIALIZED]
2023-08-21 19:03:57,992 [main] DEBUG org.apache.catalina.util.LifecycleBase - Setting state for [StandardServer[-1]] to [STARTING_PREP]
2023-08-21 19:03:57,992 [main] DEBUG org.apache.catalina.util.LifecycleBase - Setting state for [StandardServer[-1]] to [STARTING]
2023-08-21 19:03:57,994 [main] DEBUG org.apache.catalina.util.LifecycleBase - Setting state for [org.apache.catalina.deploy.NamingResourcesImpl@2abbd0d9] to [STARTING_PREP]
2023-08-21 19:03:57,994 [main] DEBUG org.apache.catalina.util.LifecycleBase - Setting state for [org.apache.catalina.deploy.NamingResourcesImpl@2abbd0d9] to [STARTING]
2023-08-21 19:03:57,994 [main] DEBUG org.apache.catalina.util.LifecycleBase - Setting state for [org.apache.catalina.deploy.NamingResourcesImpl@2abbd0d9] to [STARTED]
2023-08-21 19:03:57,994 [main] DEBUG org.apache.catalina.util.LifecycleBase - Setting state for [StandardService[Tomcat]] to [STARTING_PREP]
2023-08-21 19:03:57,995 [main] INFO  org.apache.catalina.core.StandardService - Starting service [Tomcat]
2023-08-21 19:03:57,995 [main] DEBUG org.apache.catalina.util.LifecycleBase - Setting state for [StandardService[Tomcat]] to [STARTING]
2023-08-21 19:03:57,995 [main] DEBUG org.apache.catalina.util.LifecycleBase - Setting state for [StandardEngine[Tomcat]] to [STARTING_PREP]
2023-08-21 19:03:57,995 [main] INFO  org.apache.catalina.core.StandardEngine - Starting Servlet engine: [Apache Tomcat/10.1.11]
2023-08-21 19:03:57,996 [main] DEBUG org.apache.catalina.util.LifecycleBase - Setting state for [SimpleRealm[StandardEngine[Tomcat]]] to [INITIALIZING]
2023-08-21 19:03:57,996 [main] DEBUG org.apache.catalina.util.LifecycleBase - Setting state for [SimpleRealm[StandardEngine[Tomcat]]] to [INITIALIZED]
2023-08-21 19:03:57,996 [main] DEBUG org.apache.catalina.util.LifecycleBase - Setting state for [SimpleRealm[StandardEngine[Tomcat]]] to [STARTING_PREP]
2023-08-21 19:03:57,998 [main] DEBUG org.apache.catalina.util.LifecycleBase - Setting state for [SimpleRealm[StandardEngine[Tomcat]]] to [STARTING]
2023-08-21 19:03:57,998 [main] DEBUG org.apache.catalina.util.LifecycleBase - Setting state for [SimpleRealm[StandardEngine[Tomcat]]] to [STARTED]
2023-08-21 19:03:57,998 [main] DEBUG org.apache.catalina.util.LifecycleBase - Setting state for [StandardEngine[Tomcat].StandardHost[localhost]] to [INITIALIZING]
2023-08-21 19:03:57,999 [main] DEBUG org.apache.catalina.util.LifecycleBase - Setting state for [StandardEngine[Tomcat].StandardHost[localhost]] to [INITIALIZED]
2023-08-21 19:03:57,999 [main] DEBUG org.apache.catalina.util.LifecycleBase - Setting state for [StandardEngine[Tomcat].StandardHost[localhost]] to [STARTING_PREP]
2023-08-21 19:03:57,999 [main] DEBUG org.apache.catalina.util.LifecycleBase - Setting state for [StandardEngine[Tomcat].StandardHost[localhost].TomcatEmbeddedContext[]] to [INITIALIZING]
2023-08-21 19:03:58,000 [main] DEBUG org.apache.catalina.util.LifecycleBase - Setting state for [StandardEngine[Tomcat].StandardHost[localhost].TomcatEmbeddedContext[]] to [INITIALIZED]
2023-08-21 19:03:58,000 [main] DEBUG org.apache.catalina.util.LifecycleBase - Setting state for [StandardEngine[Tomcat].StandardHost[localhost].TomcatEmbeddedContext[]] to [STARTING_PREP]
2023-08-21 19:03:58,000 [main] DEBUG org.apache.catalina.core.StandardContext - Starting ROOT
2023-08-21 19:03:58,021 [main] DEBUG org.apache.catalina.core.StandardContext - Configuring default Resources
2023-08-21 19:03:58,024 [main] DEBUG org.apache.catalina.util.LifecycleBase - Setting state for [org.apache.catalina.webresources.StandardRoot@60df7989] to [INITIALIZING]
2023-08-21 19:03:58,026 [main] DEBUG org.apache.catalina.util.LifecycleBase - Setting state for [org.apache.catalina.webresources.StandardRoot@60df7989] to [INITIALIZED]
2023-08-21 19:03:58,026 [main] DEBUG org.apache.catalina.util.LifecycleBase - Setting state for [org.apache.catalina.webresources.StandardRoot@60df7989] to [STARTING_PREP]
2023-08-21 19:03:58,028 [main] DEBUG org.apache.catalina.util.LifecycleBase - Setting state for [org.apache.catalina.webresources.DirResourceSet@a9c5b75] to [INITIALIZING]
2023-08-21 19:03:58,029 [main] DEBUG org.apache.catalina.util.LifecycleBase - Setting state for [org.apache.catalina.webresources.DirResourceSet@a9c5b75] to [INITIALIZED]
2023-08-21 19:03:58,030 [main] DEBUG org.apache.catalina.util.LifecycleBase - Setting state for [org.apache.catalina.webresources.DirResourceSet@a9c5b75] to [STARTING_PREP]
2023-08-21 19:03:58,030 [main] DEBUG org.apache.catalina.util.LifecycleBase - Setting state for [org.apache.catalina.webresources.DirResourceSet@a9c5b75] to [STARTING]
2023-08-21 19:03:58,030 [main] DEBUG org.apache.catalina.util.LifecycleBase - Setting state for [org.apache.catalina.webresources.DirResourceSet@a9c5b75] to [STARTED]
2023-08-21 19:03:58,030 [main] DEBUG org.apache.catalina.util.LifecycleBase - Setting state for [org.apache.catalina.webresources.StandardRoot@60df7989] to [STARTING]
2023-08-21 19:03:58,030 [main] DEBUG org.apache.catalina.util.LifecycleBase - Setting state for [org.apache.catalina.webresources.StandardRoot@60df7989] to [STARTED]
2023-08-21 19:03:58,033 [main] DEBUG org.apache.catalina.core.StandardContext - Processing standard container startup
2023-08-21 19:03:58,033 [main] DEBUG org.apache.catalina.util.LifecycleBase - Setting state for [WebappLoader[StandardEngine[Tomcat].StandardHost[localhost].TomcatEmbeddedContext[]]] to [INITIALIZING]
2023-08-21 19:03:58,033 [main] DEBUG org.apache.catalina.util.LifecycleBase - Setting state for [WebappLoader[StandardEngine[Tomcat].StandardHost[localhost].TomcatEmbeddedContext[]]] to [INITIALIZED]
2023-08-21 19:03:58,033 [main] DEBUG org.apache.catalina.util.LifecycleBase - Setting state for [WebappLoader[StandardEngine[Tomcat].StandardHost[localhost].TomcatEmbeddedContext[]]] to [STARTING_PREP]
2023-08-21 19:03:58,034 [main] DEBUG org.apache.catalina.loader.WebappLoader - Starting this Loader
2023-08-21 19:03:58,041 [main] DEBUG org.apache.catalina.util.LifecycleBase - Setting state for [WebappLoader[StandardEngine[Tomcat].StandardHost[localhost].TomcatEmbeddedContext[]]] to [STARTING]
2023-08-21 19:03:58,042 [main] DEBUG org.apache.catalina.util.LifecycleBase - Setting state for [WebappLoader[StandardEngine[Tomcat].StandardHost[localhost].TomcatEmbeddedContext[]]] to [STARTED]
2023-08-21 19:03:58,125 [main] DEBUG org.apache.catalina.util.LifecycleBase - Setting state for [StandardPipeline[StandardEngine[Tomcat].StandardHost[localhost].TomcatEmbeddedContext[]]] to [INITIALIZING]
2023-08-21 19:03:58,125 [main] DEBUG org.apache.catalina.util.LifecycleBase - Setting state for [StandardPipeline[StandardEngine[Tomcat].StandardHost[localhost].TomcatEmbeddedContext[]]] to [INITIALIZED]
2023-08-21 19:03:58,126 [main] DEBUG org.apache.catalina.util.LifecycleBase - Setting state for [StandardPipeline[StandardEngine[Tomcat].StandardHost[localhost].TomcatEmbeddedContext[]]] to [STARTING_PREP]
2023-08-21 19:03:58,126 [main] DEBUG org.apache.catalina.util.LifecycleBase - Setting state for [NonLoginAuthenticator[StandardEngine[Tomcat].StandardHost[localhost].TomcatEmbeddedContext[]]] to [INITIALIZING]
2023-08-21 19:03:58,126 [main] DEBUG org.apache.catalina.util.LifecycleBase - Setting state for [NonLoginAuthenticator[StandardEngine[Tomcat].StandardHost[localhost].TomcatEmbeddedContext[]]] to [INITIALIZED]
2023-08-21 19:03:58,126 [main] DEBUG org.apache.catalina.util.LifecycleBase - Setting state for [NonLoginAuthenticator[StandardEngine[Tomcat].StandardHost[localhost].TomcatEmbeddedContext[]]] to [STARTING_PREP]
2023-08-21 19:03:58,127 [main] DEBUG org.apache.catalina.authenticator.AuthenticatorBase - No SingleSignOn Valve is present
2023-08-21 19:03:58,127 [main] DEBUG org.apache.catalina.util.LifecycleBase - Setting state for [NonLoginAuthenticator[StandardEngine[Tomcat].StandardHost[localhost].TomcatEmbeddedContext[]]] to [STARTING]
2023-08-21 19:03:58,128 [main] DEBUG org.apache.catalina.util.LifecycleBase - Setting state for [NonLoginAuthenticator[StandardEngine[Tomcat].StandardHost[localhost].TomcatEmbeddedContext[]]] to [STARTED]
2023-08-21 19:03:58,128 [main] DEBUG org.apache.catalina.util.LifecycleBase - Setting state for [StandardContextValve[StandardEngine[Tomcat].StandardHost[localhost].TomcatEmbeddedContext[]]] to [INITIALIZING]
2023-08-21 19:03:58,128 [main] DEBUG org.apache.catalina.util.LifecycleBase - Setting state for [StandardContextValve[StandardEngine[Tomcat].StandardHost[localhost].TomcatEmbeddedContext[]]] to [INITIALIZED]
2023-08-21 19:03:58,128 [main] DEBUG org.apache.catalina.util.LifecycleBase - Setting state for [StandardContextValve[StandardEngine[Tomcat].StandardHost[localhost].TomcatEmbeddedContext[]]] to [STARTING_PREP]
2023-08-21 19:03:58,129 [main] DEBUG org.apache.catalina.util.LifecycleBase - Setting state for [StandardContextValve[StandardEngine[Tomcat].StandardHost[localhost].TomcatEmbeddedContext[]]] to [STARTING]
2023-08-21 19:03:58,129 [main] DEBUG org.apache.catalina.util.LifecycleBase - Setting state for [StandardContextValve[StandardEngine[Tomcat].StandardHost[localhost].TomcatEmbeddedContext[]]] to [STARTED]
2023-08-21 19:03:58,129 [main] DEBUG org.apache.catalina.util.LifecycleBase - Setting state for [StandardPipeline[StandardEngine[Tomcat].StandardHost[localhost].TomcatEmbeddedContext[]]] to [STARTING]
2023-08-21 19:03:58,129 [main] DEBUG org.apache.catalina.util.LifecycleBase - Setting state for [StandardPipeline[StandardEngine[Tomcat].StandardHost[localhost].TomcatEmbeddedContext[]]] to [STARTED]
2023-08-21 19:03:58,129 [main] DEBUG org.apache.catalina.core.StandardContext - No manager found. Checking if cluster manager should be used. Cluster configured: [false], Application distributable: [false]
2023-08-21 19:03:58,133 [main] DEBUG org.apache.catalina.core.StandardContext - Configured a manager of class [org.apache.catalina.session.StandardManager]
2023-08-21 19:03:58,134 [main] DEBUG org.apache.catalina.util.LifecycleBase - Setting state for [org.apache.catalina.deploy.NamingResourcesImpl@76d7881e] to [INITIALIZING]
2023-08-21 19:03:58,134 [main] DEBUG org.apache.catalina.util.LifecycleBase - Setting state for [org.apache.catalina.deploy.NamingResourcesImpl@76d7881e] to [INITIALIZED]
2023-08-21 19:03:58,134 [main] DEBUG org.apache.catalina.util.LifecycleBase - Setting state for [org.apache.catalina.deploy.NamingResourcesImpl@76d7881e] to [STARTING_PREP]
2023-08-21 19:03:58,134 [main] DEBUG org.apache.catalina.util.LifecycleBase - Setting state for [org.apache.catalina.deploy.NamingResourcesImpl@76d7881e] to [STARTING]
2023-08-21 19:03:58,134 [main] DEBUG org.apache.catalina.util.LifecycleBase - Setting state for [org.apache.catalina.deploy.NamingResourcesImpl@76d7881e] to [STARTED]
2023-08-21 19:03:58,140 [main] INFO  org.apache.catalina.core.ContainerBase.[Tomcat].[localhost].[/] - Initializing Spring embedded WebApplicationContext
2023-08-21 19:03:58,160 [main] DEBUG org.apache.catalina.core.ContainerBase - Add child StandardWrapper[dispatcherServlet] StandardEngine[Tomcat].StandardHost[localhost].TomcatEmbeddedContext[]
2023-08-21 19:03:58,160 [main] DEBUG org.apache.catalina.util.LifecycleBase - Setting state for [StandardEngine[Tomcat].StandardHost[localhost].TomcatEmbeddedContext[].StandardWrapper[dispatcherServlet]] to [INITIALIZING]
2023-08-21 19:03:58,161 [main] DEBUG org.apache.catalina.util.LifecycleBase - Setting state for [StandardEngine[Tomcat].StandardHost[localhost].TomcatEmbeddedContext[].StandardWrapper[dispatcherServlet]] to [INITIALIZED]
2023-08-21 19:03:58,162 [main] DEBUG org.apache.catalina.util.LifecycleBase - Setting state for [StandardEngine[Tomcat].StandardHost[localhost].TomcatEmbeddedContext[].StandardWrapper[dispatcherServlet]] to [STARTING_PREP]
2023-08-21 19:03:58,162 [main] DEBUG org.apache.catalina.util.LifecycleBase - Setting state for [StandardPipeline[StandardEngine[Tomcat].StandardHost[localhost].TomcatEmbeddedContext[].StandardWrapper[dispatcherServlet]]] to [INITIALIZING]
2023-08-21 19:03:58,163 [main] DEBUG org.apache.catalina.util.LifecycleBase - Setting state for [StandardPipeline[StandardEngine[Tomcat].StandardHost[localhost].TomcatEmbeddedContext[].StandardWrapper[dispatcherServlet]]] to [INITIALIZED]
2023-08-21 19:03:58,163 [main] DEBUG org.apache.catalina.util.LifecycleBase - Setting state for [StandardPipeline[StandardEngine[Tomcat].StandardHost[localhost].TomcatEmbeddedContext[].StandardWrapper[dispatcherServlet]]] to [STARTING_PREP]
2023-08-21 19:03:58,163 [main] DEBUG org.apache.catalina.util.LifecycleBase - Setting state for [StandardWrapperValve[StandardEngine[Tomcat].StandardHost[localhost].TomcatEmbeddedContext[].StandardWrapper[dispatcherServlet]]] to [INITIALIZING]
2023-08-21 19:03:58,163 [main] DEBUG org.apache.catalina.util.LifecycleBase - Setting state for [StandardWrapperValve[StandardEngine[Tomcat].StandardHost[localhost].TomcatEmbeddedContext[].StandardWrapper[dispatcherServlet]]] to [INITIALIZED]
2023-08-21 19:03:58,164 [main] DEBUG org.apache.catalina.util.LifecycleBase - Setting state for [StandardWrapperValve[StandardEngine[Tomcat].StandardHost[localhost].TomcatEmbeddedContext[].StandardWrapper[dispatcherServlet]]] to [STARTING_PREP]
2023-08-21 19:03:58,164 [main] DEBUG org.apache.catalina.util.LifecycleBase - Setting state for [StandardWrapperValve[StandardEngine[Tomcat].StandardHost[localhost].TomcatEmbeddedContext[].StandardWrapper[dispatcherServlet]]] to [STARTING]
2023-08-21 19:03:58,164 [main] DEBUG org.apache.catalina.util.LifecycleBase - Setting state for [StandardWrapperValve[StandardEngine[Tomcat].StandardHost[localhost].TomcatEmbeddedContext[].StandardWrapper[dispatcherServlet]]] to [STARTED]
2023-08-21 19:03:58,164 [main] DEBUG org.apache.catalina.util.LifecycleBase - Setting state for [StandardPipeline[StandardEngine[Tomcat].StandardHost[localhost].TomcatEmbeddedContext[].StandardWrapper[dispatcherServlet]]] to [STARTING]
2023-08-21 19:03:58,165 [main] DEBUG org.apache.catalina.util.LifecycleBase - Setting state for [StandardPipeline[StandardEngine[Tomcat].StandardHost[localhost].TomcatEmbeddedContext[].StandardWrapper[dispatcherServlet]]] to [STARTED]
2023-08-21 19:03:58,165 [main] DEBUG org.apache.catalina.util.LifecycleBase - Setting state for [StandardEngine[Tomcat].StandardHost[localhost].TomcatEmbeddedContext[].StandardWrapper[dispatcherServlet]] to [STARTING]
2023-08-21 19:03:58,165 [main] DEBUG org.apache.catalina.util.LifecycleBase - Setting state for [StandardEngine[Tomcat].StandardHost[localhost].TomcatEmbeddedContext[].StandardWrapper[dispatcherServlet]] to [STARTED]
2023-08-21 19:03:58,187 [main] DEBUG org.apache.catalina.core.StandardContext - Configuring application event listeners
2023-08-21 19:03:58,187 [main] DEBUG org.apache.catalina.core.ContainerBase.[Tomcat].[localhost].[/] - Sending application start events
2023-08-21 19:03:58,189 [main] DEBUG org.apache.catalina.util.LifecycleBase - Setting state for [StandardManager[StandardEngine[Tomcat].StandardHost[localhost].TomcatEmbeddedContext[]]] to [INITIALIZING]
2023-08-21 19:03:58,190 [main] DEBUG org.apache.catalina.util.LifecycleBase - Setting state for [StandardManager[StandardEngine[Tomcat].StandardHost[localhost].TomcatEmbeddedContext[]]] to [INITIALIZED]
2023-08-21 19:03:58,190 [main] DEBUG org.apache.catalina.util.LifecycleBase - Setting state for [StandardManager[StandardEngine[Tomcat].StandardHost[localhost].TomcatEmbeddedContext[]]] to [STARTING_PREP]
2023-08-21 19:03:58,191 [main] DEBUG org.apache.catalina.util.LifecycleBase - Setting state for [org.springframework.boot.web.embedded.tomcat.LazySessionIdGenerator@629a9f26] to [INITIALIZING]
2023-08-21 19:03:58,191 [main] DEBUG org.apache.catalina.util.LifecycleBase - Setting state for [org.springframework.boot.web.embedded.tomcat.LazySessionIdGenerator@629a9f26] to [INITIALIZED]
2023-08-21 19:03:58,191 [main] DEBUG org.apache.catalina.util.LifecycleBase - Setting state for [org.springframework.boot.web.embedded.tomcat.LazySessionIdGenerator@629a9f26] to [STARTING_PREP]
2023-08-21 19:03:58,191 [main] DEBUG org.apache.catalina.util.LifecycleBase - Setting state for [org.springframework.boot.web.embedded.tomcat.LazySessionIdGenerator@629a9f26] to [STARTING]
2023-08-21 19:03:58,192 [main] DEBUG org.apache.catalina.util.LifecycleBase - Setting state for [org.springframework.boot.web.embedded.tomcat.LazySessionIdGenerator@629a9f26] to [STARTED]
2023-08-21 19:03:58,193 [main] DEBUG org.apache.catalina.session.StandardManager - Start: Loading persisted sessions
2023-08-21 19:03:58,194 [main] DEBUG org.apache.catalina.util.LifecycleBase - Setting state for [StandardManager[StandardEngine[Tomcat].StandardHost[localhost].TomcatEmbeddedContext[]]] to [STARTING]
2023-08-21 19:03:58,194 [main] DEBUG org.apache.catalina.util.LifecycleBase - Setting state for [StandardManager[StandardEngine[Tomcat].StandardHost[localhost].TomcatEmbeddedContext[]]] to [STARTED]
2023-08-21 19:03:58,194 [main] DEBUG org.apache.catalina.core.ContainerBase.[Tomcat].[localhost].[/] - Starting filters
2023-08-21 19:03:58,195 [main] DEBUG org.apache.catalina.core.ContainerBase.[Tomcat].[localhost].[/] -  Starting filter 'requestContextFilter'
2023-08-21 19:03:58,205 [main] DEBUG org.apache.catalina.core.ContainerBase.[Tomcat].[localhost].[/] -  Starting filter 'Tomcat WebSocket (JSR356) Filter'
2023-08-21 19:03:58,206 [main] DEBUG org.apache.catalina.core.ContainerBase.[Tomcat].[localhost].[/] -  Starting filter 'characterEncodingFilter'
2023-08-21 19:03:58,206 [main] DEBUG org.apache.catalina.core.ContainerBase.[Tomcat].[localhost].[/] -  Starting filter 'formContentFilter'
2023-08-21 19:03:58,207 [main] DEBUG org.apache.catalina.core.StandardContext - Starting completed
2023-08-21 19:03:58,207 [main] DEBUG org.apache.catalina.util.LifecycleBase - Setting state for [StandardEngine[Tomcat].StandardHost[localhost].TomcatEmbeddedContext[]] to [STARTING]
2023-08-21 19:03:58,209 [main] DEBUG org.apache.catalina.util.LifecycleBase - Setting state for [StandardEngine[Tomcat].StandardHost[localhost].TomcatEmbeddedContext[]] to [STARTED]
2023-08-21 19:03:58,210 [main] DEBUG org.apache.catalina.util.LifecycleBase - Setting state for [StandardPipeline[StandardEngine[Tomcat].StandardHost[localhost]]] to [INITIALIZING]
2023-08-21 19:03:58,211 [main] DEBUG org.apache.catalina.util.LifecycleBase - Setting state for [StandardPipeline[StandardEngine[Tomcat].StandardHost[localhost]]] to [INITIALIZED]
2023-08-21 19:03:58,211 [main] DEBUG org.apache.catalina.util.LifecycleBase - Setting state for [StandardPipeline[StandardEngine[Tomcat].StandardHost[localhost]]] to [STARTING_PREP]
2023-08-21 19:03:58,212 [main] DEBUG org.apache.catalina.util.LifecycleBase - Setting state for [ErrorReportValve[StandardEngine[Tomcat].StandardHost[localhost]]] to [INITIALIZING]
2023-08-21 19:03:58,212 [main] DEBUG org.apache.catalina.util.LifecycleBase - Setting state for [ErrorReportValve[StandardEngine[Tomcat].StandardHost[localhost]]] to [INITIALIZED]
2023-08-21 19:03:58,212 [main] DEBUG org.apache.catalina.util.LifecycleBase - Setting state for [ErrorReportValve[StandardEngine[Tomcat].StandardHost[localhost]]] to [STARTING_PREP]
2023-08-21 19:03:58,213 [main] DEBUG org.apache.catalina.util.LifecycleBase - Setting state for [ErrorReportValve[StandardEngine[Tomcat].StandardHost[localhost]]] to [STARTING]
2023-08-21 19:03:58,214 [main] DEBUG org.apache.catalina.util.LifecycleBase - Setting state for [ErrorReportValve[StandardEngine[Tomcat].StandardHost[localhost]]] to [STARTED]
2023-08-21 19:03:58,214 [main] DEBUG org.apache.catalina.util.LifecycleBase - Setting state for [StandardHostValve[StandardEngine[Tomcat].StandardHost[localhost]]] to [INITIALIZING]
2023-08-21 19:03:58,215 [main] DEBUG org.apache.catalina.util.LifecycleBase - Setting state for [StandardHostValve[StandardEngine[Tomcat].StandardHost[localhost]]] to [INITIALIZED]
2023-08-21 19:03:58,215 [main] DEBUG org.apache.catalina.util.LifecycleBase - Setting state for [StandardHostValve[StandardEngine[Tomcat].StandardHost[localhost]]] to [STARTING_PREP]
2023-08-21 19:03:58,215 [main] DEBUG org.apache.catalina.util.LifecycleBase - Setting state for [StandardHostValve[StandardEngine[Tomcat].StandardHost[localhost]]] to [STARTING]
2023-08-21 19:03:58,215 [main] DEBUG org.apache.catalina.util.LifecycleBase - Setting state for [StandardHostValve[StandardEngine[Tomcat].StandardHost[localhost]]] to [STARTED]
2023-08-21 19:03:58,216 [main] DEBUG org.apache.catalina.util.LifecycleBase - Setting state for [StandardPipeline[StandardEngine[Tomcat].StandardHost[localhost]]] to [STARTING]
2023-08-21 19:03:58,216 [main] DEBUG org.apache.catalina.util.LifecycleBase - Setting state for [StandardPipeline[StandardEngine[Tomcat].StandardHost[localhost]]] to [STARTED]
2023-08-21 19:03:58,216 [main] DEBUG org.apache.catalina.util.LifecycleBase - Setting state for [StandardEngine[Tomcat].StandardHost[localhost]] to [STARTING]
2023-08-21 19:03:58,217 [main] DEBUG org.apache.catalina.util.LifecycleBase - Setting state for [StandardEngine[Tomcat].StandardHost[localhost]] to [STARTED]
2023-08-21 19:03:58,218 [main] DEBUG org.apache.catalina.util.LifecycleBase - Setting state for [StandardPipeline[StandardEngine[Tomcat]]] to [INITIALIZING]
2023-08-21 19:03:58,219 [main] DEBUG org.apache.catalina.util.LifecycleBase - Setting state for [StandardPipeline[StandardEngine[Tomcat]]] to [INITIALIZED]
2023-08-21 19:03:58,220 [main] DEBUG org.apache.catalina.util.LifecycleBase - Setting state for [StandardPipeline[StandardEngine[Tomcat]]] to [STARTING_PREP]
2023-08-21 19:03:58,220 [main] DEBUG org.apache.catalina.util.LifecycleBase - Setting state for [StandardEngineValve[StandardEngine[Tomcat]]] to [INITIALIZING]
2023-08-21 19:03:58,221 [main] DEBUG org.apache.catalina.util.LifecycleBase - Setting state for [StandardEngineValve[StandardEngine[Tomcat]]] to [INITIALIZED]
2023-08-21 19:03:58,221 [main] DEBUG org.apache.catalina.util.LifecycleBase - Setting state for [StandardEngineValve[StandardEngine[Tomcat]]] to [STARTING_PREP]
2023-08-21 19:03:58,224 [main] DEBUG org.apache.catalina.util.LifecycleBase - Setting state for [StandardEngineValve[StandardEngine[Tomcat]]] to [STARTING]
2023-08-21 19:03:58,224 [main] DEBUG org.apache.catalina.util.LifecycleBase - Setting state for [StandardEngineValve[StandardEngine[Tomcat]]] to [STARTED]
2023-08-21 19:03:58,225 [main] DEBUG org.apache.catalina.util.LifecycleBase - Setting state for [StandardPipeline[StandardEngine[Tomcat]]] to [STARTING]
2023-08-21 19:03:58,225 [main] DEBUG org.apache.catalina.util.LifecycleBase - Setting state for [StandardPipeline[StandardEngine[Tomcat]]] to [STARTED]
2023-08-21 19:03:58,225 [main] DEBUG org.apache.catalina.util.LifecycleBase - Setting state for [StandardEngine[Tomcat]] to [STARTING]
2023-08-21 19:03:58,229 [main] DEBUG org.apache.catalina.util.LifecycleBase - Setting state for [StandardEngine[Tomcat]] to [STARTED]
2023-08-21 19:03:58,229 [main] DEBUG org.apache.catalina.util.LifecycleBase - Setting state for [org.apache.catalina.mapper.MapperListener@5f0bab7e] to [STARTING_PREP]
2023-08-21 19:03:58,230 [main] DEBUG org.apache.catalina.util.LifecycleBase - Setting state for [org.apache.catalina.mapper.MapperListener@5f0bab7e] to [STARTING]
2023-08-21 19:03:58,232 [main] DEBUG org.apache.catalina.mapper.Mapper - Registered host [localhost]
2023-08-21 19:03:58,233 [main] DEBUG org.apache.catalina.mapper.MapperListener - Register Wrapper [dispatcherServlet] in Context [] for service [StandardService[Tomcat]]
2023-08-21 19:03:58,234 [main] DEBUG org.apache.catalina.mapper.MapperListener - Register Context [] for service [StandardService[Tomcat]]
2023-08-21 19:03:58,234 [main] DEBUG org.apache.catalina.mapper.MapperListener - Register host [localhost] at domain [null] for service [StandardService[Tomcat]]
2023-08-21 19:03:58,235 [main] DEBUG org.apache.catalina.util.LifecycleBase - Setting state for [org.apache.catalina.mapper.MapperListener@5f0bab7e] to [STARTED]
2023-08-21 19:03:58,235 [main] DEBUG org.apache.catalina.util.LifecycleBase - Setting state for [StandardService[Tomcat]] to [STARTED]
2023-08-21 19:03:58,236 [main] DEBUG org.apache.catalina.util.LifecycleBase - Setting state for [StandardServer[-1]] to [STARTED]
2023-08-21 19:03:58,614 [main] DEBUG org.apache.catalina.util.LifecycleBase - Setting state for [StandardServer[-1]] to [STOPPING_PREP]
2023-08-21 19:03:58,614 [main] DEBUG org.apache.catalina.util.LifecycleBase - Setting state for [StandardServer[-1]] to [STOPPING]
2023-08-21 19:03:58,615 [main] DEBUG org.apache.catalina.util.LifecycleBase - Setting state for [StandardService[Tomcat]] to [STOPPING_PREP]
2023-08-21 19:03:58,615 [main] INFO  org.apache.catalina.core.StandardService - Stopping service [Tomcat]
2023-08-21 19:03:58,615 [main] DEBUG org.apache.catalina.util.LifecycleBase - Setting state for [StandardService[Tomcat]] to [STOPPING]
2023-08-21 19:03:58,615 [main] DEBUG org.apache.catalina.util.LifecycleBase - Setting state for [StandardEngine[Tomcat]] to [STOPPING_PREP]
2023-08-21 19:03:58,616 [main] DEBUG org.apache.catalina.util.LifecycleBase - Setting state for [StandardEngine[Tomcat]] to [STOPPING]
2023-08-21 19:03:58,616 [main] DEBUG org.apache.catalina.util.LifecycleBase - Setting state for [StandardPipeline[StandardEngine[Tomcat]]] to [STOPPING_PREP]
2023-08-21 19:03:58,616 [main] DEBUG org.apache.catalina.util.LifecycleBase - Setting state for [StandardPipeline[StandardEngine[Tomcat]]] to [STOPPING]
2023-08-21 19:03:58,616 [main] DEBUG org.apache.catalina.util.LifecycleBase - Setting state for [StandardEngineValve[StandardEngine[Tomcat]]] to [STOPPING_PREP]
2023-08-21 19:03:58,616 [main] DEBUG org.apache.catalina.util.LifecycleBase - Setting state for [StandardEngineValve[StandardEngine[Tomcat]]] to [STOPPING]
2023-08-21 19:03:58,617 [main] DEBUG org.apache.catalina.util.LifecycleBase - Setting state for [StandardEngineValve[StandardEngine[Tomcat]]] to [STOPPED]
2023-08-21 19:03:58,617 [main] DEBUG org.apache.catalina.util.LifecycleBase - Setting state for [StandardPipeline[StandardEngine[Tomcat]]] to [STOPPED]
2023-08-21 19:03:58,617 [main] DEBUG org.apache.catalina.util.LifecycleBase - Setting state for [StandardEngine[Tomcat].StandardHost[localhost]] to [STOPPING_PREP]
2023-08-21 19:03:58,618 [main] DEBUG org.apache.catalina.mapper.MapperListener - Unregister host [localhost] at domain [null] for service [StandardService[Tomcat]]
2023-08-21 19:03:58,618 [main] DEBUG org.apache.catalina.util.LifecycleBase - Setting state for [StandardEngine[Tomcat].StandardHost[localhost]] to [STOPPING]
2023-08-21 19:03:58,618 [main] DEBUG org.apache.catalina.util.LifecycleBase - Setting state for [StandardPipeline[StandardEngine[Tomcat].StandardHost[localhost]]] to [STOPPING_PREP]
2023-08-21 19:03:58,618 [main] DEBUG org.apache.catalina.util.LifecycleBase - Setting state for [StandardPipeline[StandardEngine[Tomcat].StandardHost[localhost]]] to [STOPPING]
2023-08-21 19:03:58,618 [main] DEBUG org.apache.catalina.util.LifecycleBase - Setting state for [ErrorReportValve[StandardEngine[Tomcat].StandardHost[localhost]]] to [STOPPING_PREP]
2023-08-21 19:03:58,619 [main] DEBUG org.apache.catalina.util.LifecycleBase - Setting state for [ErrorReportValve[StandardEngine[Tomcat].StandardHost[localhost]]] to [STOPPING]
2023-08-21 19:03:58,619 [main] DEBUG org.apache.catalina.util.LifecycleBase - Setting state for [ErrorReportValve[StandardEngine[Tomcat].StandardHost[localhost]]] to [STOPPED]
2023-08-21 19:03:58,620 [main] DEBUG org.apache.catalina.util.LifecycleBase - Setting state for [StandardHostValve[StandardEngine[Tomcat].StandardHost[localhost]]] to [STOPPING_PREP]
2023-08-21 19:03:58,620 [main] DEBUG org.apache.catalina.util.LifecycleBase - Setting state for [StandardHostValve[StandardEngine[Tomcat].StandardHost[localhost]]] to [STOPPING]
2023-08-21 19:03:58,620 [main] DEBUG org.apache.catalina.util.LifecycleBase - Setting state for [StandardHostValve[StandardEngine[Tomcat].StandardHost[localhost]]] to [STOPPED]
2023-08-21 19:03:58,620 [main] DEBUG org.apache.catalina.util.LifecycleBase - Setting state for [StandardPipeline[StandardEngine[Tomcat].StandardHost[localhost]]] to [STOPPED]
2023-08-21 19:03:58,620 [main] DEBUG org.apache.catalina.util.LifecycleBase - Setting state for [StandardEngine[Tomcat].StandardHost[localhost].TomcatEmbeddedContext[]] to [STOPPING_PREP]
2023-08-21 19:03:58,620 [main] DEBUG org.apache.catalina.mapper.MapperListener - Unregister Context [] for service [StandardService[Tomcat]]
2023-08-21 19:03:58,621 [main] DEBUG org.apache.catalina.util.LifecycleBase - Setting state for [StandardEngine[Tomcat].StandardHost[localhost].TomcatEmbeddedContext[]] to [STOPPING]
2023-08-21 19:03:58,621 [main] DEBUG org.apache.catalina.util.LifecycleBase - Setting state for [StandardEngine[Tomcat].StandardHost[localhost].TomcatEmbeddedContext[].StandardWrapper[dispatcherServlet]] to [STOPPING_PREP]
2023-08-21 19:03:58,621 [main] DEBUG org.apache.catalina.mapper.MapperListener - Unregister Wrapper [dispatcherServlet] in Context [] for service [StandardService[Tomcat]]
2023-08-21 19:03:58,622 [main] DEBUG org.apache.catalina.util.LifecycleBase - Setting state for [StandardEngine[Tomcat].StandardHost[localhost].TomcatEmbeddedContext[].StandardWrapper[dispatcherServlet]] to [STOPPING]
2023-08-21 19:03:58,622 [main] DEBUG org.apache.catalina.util.LifecycleBase - Setting state for [StandardPipeline[StandardEngine[Tomcat].StandardHost[localhost].TomcatEmbeddedContext[].StandardWrapper[dispatcherServlet]]] to [STOPPING_PREP]
2023-08-21 19:03:58,622 [main] DEBUG org.apache.catalina.util.LifecycleBase - Setting state for [StandardPipeline[StandardEngine[Tomcat].StandardHost[localhost].TomcatEmbeddedContext[].StandardWrapper[dispatcherServlet]]] to [STOPPING]
2023-08-21 19:03:58,623 [main] DEBUG org.apache.catalina.util.LifecycleBase - Setting state for [StandardWrapperValve[StandardEngine[Tomcat].StandardHost[localhost].TomcatEmbeddedContext[].StandardWrapper[dispatcherServlet]]] to [STOPPING_PREP]
2023-08-21 19:03:58,623 [main] DEBUG org.apache.catalina.util.LifecycleBase - Setting state for [StandardWrapperValve[StandardEngine[Tomcat].StandardHost[localhost].TomcatEmbeddedContext[].StandardWrapper[dispatcherServlet]]] to [STOPPING]
2023-08-21 19:03:58,623 [main] DEBUG org.apache.catalina.util.LifecycleBase - Setting state for [StandardWrapperValve[StandardEngine[Tomcat].StandardHost[localhost].TomcatEmbeddedContext[].StandardWrapper[dispatcherServlet]]] to [STOPPED]
2023-08-21 19:03:58,623 [main] DEBUG org.apache.catalina.util.LifecycleBase - Setting state for [StandardPipeline[StandardEngine[Tomcat].StandardHost[localhost].TomcatEmbeddedContext[].StandardWrapper[dispatcherServlet]]] to [STOPPED]
2023-08-21 19:03:58,623 [main] DEBUG org.apache.catalina.util.LifecycleBase - Setting state for [StandardEngine[Tomcat].StandardHost[localhost].TomcatEmbeddedContext[].StandardWrapper[dispatcherServlet]] to [STOPPED]
2023-08-21 19:03:58,623 [main] DEBUG org.apache.catalina.core.ContainerBase.[Tomcat].[localhost].[/] - Stopping filters
2023-08-21 19:03:58,624 [main] DEBUG org.apache.catalina.core.ContainerBase.[Tomcat].[localhost].[/] -  Stopping filter 'requestContextFilter'
2023-08-21 19:03:58,624 [main] DEBUG org.apache.catalina.core.ApplicationFilterConfig - JMX de-registration complete for filter of type [org.springframework.boot.web.servlet.filter.OrderedRequestContextFilter] and name [requestContextFilter]
2023-08-21 19:03:58,625 [main] DEBUG org.apache.catalina.core.ContainerBase.[Tomcat].[localhost].[/] -  Stopping filter 'Tomcat WebSocket (JSR356) Filter'
2023-08-21 19:03:58,625 [main] DEBUG org.apache.catalina.core.ApplicationFilterConfig - JMX de-registration complete for filter of type [org.apache.tomcat.websocket.server.WsFilter] and name [Tomcat WebSocket (JSR356) Filter]
2023-08-21 19:03:58,625 [main] DEBUG org.apache.catalina.core.ContainerBase.[Tomcat].[localhost].[/] -  Stopping filter 'characterEncodingFilter'
2023-08-21 19:03:58,625 [main] DEBUG org.apache.catalina.core.ApplicationFilterConfig - JMX de-registration complete for filter of type [org.springframework.boot.web.servlet.filter.OrderedCharacterEncodingFilter] and name [characterEncodingFilter]
2023-08-21 19:03:58,625 [main] DEBUG org.apache.catalina.core.ContainerBase.[Tomcat].[localhost].[/] -  Stopping filter 'formContentFilter'
2023-08-21 19:03:58,625 [main] DEBUG org.apache.catalina.core.ApplicationFilterConfig - JMX de-registration complete for filter of type [org.springframework.boot.web.servlet.filter.OrderedFormContentFilter] and name [formContentFilter]
2023-08-21 19:03:58,626 [main] DEBUG org.apache.catalina.util.LifecycleBase - Setting state for [StandardManager[StandardEngine[Tomcat].StandardHost[localhost].TomcatEmbeddedContext[]]] to [STOPPING_PREP]
2023-08-21 19:03:58,626 [main] DEBUG org.apache.catalina.session.StandardManager - Stopping
2023-08-21 19:03:58,626 [main] DEBUG org.apache.catalina.util.LifecycleBase - Setting state for [StandardManager[StandardEngine[Tomcat].StandardHost[localhost].TomcatEmbeddedContext[]]] to [STOPPING]
2023-08-21 19:03:58,626 [main] DEBUG org.apache.catalina.session.StandardManager - Unloading persisted sessions
2023-08-21 19:03:58,626 [main] DEBUG org.apache.catalina.session.StandardManager - No persisted sessions to unload
2023-08-21 19:03:58,626 [main] DEBUG org.apache.catalina.util.LifecycleBase - Setting state for [org.springframework.boot.web.embedded.tomcat.LazySessionIdGenerator@629a9f26] to [STOPPING_PREP]
2023-08-21 19:03:58,626 [main] DEBUG org.apache.catalina.util.LifecycleBase - Setting state for [org.springframework.boot.web.embedded.tomcat.LazySessionIdGenerator@629a9f26] to [STOPPING]
2023-08-21 19:03:58,628 [main] DEBUG org.apache.catalina.util.LifecycleBase - Setting state for [org.springframework.boot.web.embedded.tomcat.LazySessionIdGenerator@629a9f26] to [STOPPED]
2023-08-21 19:03:58,628 [main] DEBUG org.apache.catalina.util.LifecycleBase - Setting state for [StandardManager[StandardEngine[Tomcat].StandardHost[localhost].TomcatEmbeddedContext[]]] to [STOPPED]
2023-08-21 19:03:58,628 [main] DEBUG org.apache.catalina.core.StandardContext - Sending application stop events
2023-08-21 19:03:58,628 [main] DEBUG org.apache.catalina.core.StandardContext - Processing standard container shutdown
2023-08-21 19:03:58,628 [main] DEBUG org.apache.catalina.util.LifecycleBase - Setting state for [org.apache.catalina.deploy.NamingResourcesImpl@76d7881e] to [STOPPING_PREP]
2023-08-21 19:03:58,628 [main] DEBUG org.apache.catalina.util.LifecycleBase - Setting state for [org.apache.catalina.deploy.NamingResourcesImpl@76d7881e] to [STOPPING]
2023-08-21 19:03:58,629 [main] DEBUG org.apache.catalina.util.LifecycleBase - Setting state for [org.apache.catalina.deploy.NamingResourcesImpl@76d7881e] to [STOPPED]
2023-08-21 19:03:58,629 [main] DEBUG org.apache.catalina.util.LifecycleBase - Setting state for [StandardPipeline[StandardEngine[Tomcat].StandardHost[localhost].TomcatEmbeddedContext[]]] to [STOPPING_PREP]
2023-08-21 19:03:58,630 [main] DEBUG org.apache.catalina.util.LifecycleBase - Setting state for [StandardPipeline[StandardEngine[Tomcat].StandardHost[localhost].TomcatEmbeddedContext[]]] to [STOPPING]
2023-08-21 19:03:58,630 [main] DEBUG org.apache.catalina.util.LifecycleBase - Setting state for [NonLoginAuthenticator[StandardEngine[Tomcat].StandardHost[localhost].TomcatEmbeddedContext[]]] to [STOPPING_PREP]
2023-08-21 19:03:58,630 [main] DEBUG org.apache.catalina.util.LifecycleBase - Setting state for [NonLoginAuthenticator[StandardEngine[Tomcat].StandardHost[localhost].TomcatEmbeddedContext[]]] to [STOPPING]
2023-08-21 19:03:58,630 [main] DEBUG org.apache.catalina.util.LifecycleBase - Setting state for [NonLoginAuthenticator[StandardEngine[Tomcat].StandardHost[localhost].TomcatEmbeddedContext[]]] to [STOPPED]
2023-08-21 19:03:58,630 [main] DEBUG org.apache.catalina.util.LifecycleBase - Setting state for [StandardContextValve[StandardEngine[Tomcat].StandardHost[localhost].TomcatEmbeddedContext[]]] to [STOPPING_PREP]
2023-08-21 19:03:58,631 [main] DEBUG org.apache.catalina.util.LifecycleBase - Setting state for [StandardContextValve[StandardEngine[Tomcat].StandardHost[localhost].TomcatEmbeddedContext[]]] to [STOPPING]
2023-08-21 19:03:58,631 [main] DEBUG org.apache.catalina.util.LifecycleBase - Setting state for [StandardContextValve[StandardEngine[Tomcat].StandardHost[localhost].TomcatEmbeddedContext[]]] to [STOPPED]
2023-08-21 19:03:58,631 [main] DEBUG org.apache.catalina.util.LifecycleBase - Setting state for [StandardPipeline[StandardEngine[Tomcat].StandardHost[localhost].TomcatEmbeddedContext[]]] to [STOPPED]
2023-08-21 19:03:58,631 [main] DEBUG org.apache.catalina.util.LifecycleBase - Setting state for [WebappLoader[StandardEngine[Tomcat].StandardHost[localhost].TomcatEmbeddedContext[]]] to [STOPPING_PREP]
2023-08-21 19:03:58,631 [main] DEBUG org.apache.catalina.loader.WebappLoader - Stopping this Loader
2023-08-21 19:03:58,632 [main] DEBUG org.apache.catalina.util.LifecycleBase - Setting state for [WebappLoader[StandardEngine[Tomcat].StandardHost[localhost].TomcatEmbeddedContext[]]] to [STOPPING]
2023-08-21 19:03:58,632 [main] DEBUG org.apache.catalina.loader.WebappClassLoaderBase - getResourceAsStream(org/apache/catalina/loader/JdbcLeakPrevention.class)
2023-08-21 19:03:58,632 [main] DEBUG org.apache.catalina.loader.WebappClassLoaderBase -   Delegating to parent classloader jdk.internal.loader.ClassLoaders$AppClassLoader@1d44bcfa
2023-08-21 19:03:58,633 [main] DEBUG org.apache.catalina.loader.WebappClassLoaderBase -   --> Returning stream from parent
2023-08-21 19:03:58,637 [main] DEBUG org.apache.catalina.util.LifecycleBase - Setting state for [WebappLoader[StandardEngine[Tomcat].StandardHost[localhost].TomcatEmbeddedContext[]]] to [STOPPED]
2023-08-21 19:03:58,637 [main] DEBUG org.apache.catalina.util.LifecycleBase - Setting state for [org.apache.catalina.webresources.StandardRoot@60df7989] to [STOPPING_PREP]
2023-08-21 19:03:58,637 [main] DEBUG org.apache.catalina.util.LifecycleBase - Setting state for [org.apache.catalina.webresources.DirResourceSet@a9c5b75] to [STOPPING_PREP]
2023-08-21 19:03:58,637 [main] DEBUG org.apache.catalina.util.LifecycleBase - Setting state for [org.apache.catalina.webresources.DirResourceSet@a9c5b75] to [STOPPING]
2023-08-21 19:03:58,637 [main] DEBUG org.apache.catalina.util.LifecycleBase - Setting state for [org.apache.catalina.webresources.DirResourceSet@a9c5b75] to [STOPPED]
2023-08-21 19:03:58,637 [main] DEBUG org.apache.catalina.util.LifecycleBase - Setting state for [org.apache.catalina.webresources.DirResourceSet@a9c5b75] to [DESTROYING]
2023-08-21 19:03:58,638 [main] DEBUG org.apache.catalina.util.LifecycleBase - Setting state for [org.apache.catalina.webresources.DirResourceSet@a9c5b75] to [DESTROYED]
2023-08-21 19:03:58,638 [main] DEBUG org.apache.catalina.util.LifecycleBase - Setting state for [org.apache.catalina.webresources.StandardRoot@60df7989] to [STOPPING]
2023-08-21 19:03:58,638 [main] DEBUG org.apache.catalina.util.LifecycleBase - Setting state for [org.apache.catalina.webresources.StandardRoot@60df7989] to [STOPPED]
2023-08-21 19:03:58,638 [main] DEBUG org.apache.catalina.util.LifecycleBase - Setting state for [StandardEngine[Tomcat].StandardHost[localhost].TomcatEmbeddedContext[].StandardWrapper[dispatcherServlet]] to [DESTROYING]
2023-08-21 19:03:58,638 [main] DEBUG org.apache.catalina.util.LifecycleBase - Setting state for [StandardPipeline[StandardEngine[Tomcat].StandardHost[localhost].TomcatEmbeddedContext[].StandardWrapper[dispatcherServlet]]] to [DESTROYING]
2023-08-21 19:03:58,638 [main] DEBUG org.apache.catalina.util.LifecycleBase - Setting state for [StandardWrapperValve[Container is null]] to [DESTROYING]
2023-08-21 19:03:58,638 [main] DEBUG org.apache.catalina.util.LifecycleBase - Setting state for [StandardWrapperValve[Container is null]] to [DESTROYED]
2023-08-21 19:03:58,638 [main] DEBUG org.apache.catalina.util.LifecycleBase - Setting state for [StandardPipeline[StandardEngine[Tomcat].StandardHost[localhost].TomcatEmbeddedContext[].StandardWrapper[dispatcherServlet]]] to [DESTROYED]
2023-08-21 19:03:58,639 [main] DEBUG org.apache.catalina.util.LifecycleBase - Setting state for [StandardEngine[Tomcat].StandardHost[localhost].TomcatEmbeddedContext[].StandardWrapper[dispatcherServlet]] to [DESTROYED]
2023-08-21 19:03:58,639 [main] DEBUG org.apache.catalina.core.StandardContext - resetContext Tomcat:j2eeType=WebModule,name=//localhost/,J2EEApplication=none,J2EEServer=none
2023-08-21 19:03:58,639 [main] DEBUG org.apache.catalina.core.StandardContext - Stopping complete
2023-08-21 19:03:58,639 [main] DEBUG org.apache.catalina.util.LifecycleBase - Setting state for [StandardEngine[Tomcat].StandardHost[localhost].TomcatEmbeddedContext[]] to [STOPPED]
2023-08-21 19:03:58,639 [main] DEBUG org.apache.catalina.util.LifecycleBase - Setting state for [StandardEngine[Tomcat].StandardHost[localhost]] to [STOPPED]
2023-08-21 19:03:58,639 [main] DEBUG org.apache.catalina.util.LifecycleBase - Setting state for [SimpleRealm[StandardEngine[Tomcat]]] to [STOPPING_PREP]
2023-08-21 19:03:58,639 [main] DEBUG org.apache.catalina.util.LifecycleBase - Setting state for [SimpleRealm[StandardEngine[Tomcat]]] to [STOPPING]
2023-08-21 19:03:58,640 [main] DEBUG org.apache.catalina.util.LifecycleBase - Setting state for [SimpleRealm[StandardEngine[Tomcat]]] to [STOPPED]
2023-08-21 19:03:58,640 [main] DEBUG org.apache.catalina.util.LifecycleBase - Setting state for [StandardEngine[Tomcat]] to [STOPPED]
2023-08-21 19:03:58,640 [main] DEBUG org.apache.catalina.util.LifecycleBase - Setting state for [org.apache.catalina.mapper.MapperListener@5f0bab7e] to [STOPPING_PREP]
2023-08-21 19:03:58,640 [main] DEBUG org.apache.catalina.util.LifecycleBase - Setting state for [org.apache.catalina.mapper.MapperListener@5f0bab7e] to [STOPPING]
2023-08-21 19:03:58,640 [main] DEBUG org.apache.catalina.util.LifecycleBase - Setting state for [org.apache.catalina.mapper.MapperListener@5f0bab7e] to [STOPPED]
2023-08-21 19:03:58,640 [main] DEBUG org.apache.catalina.util.LifecycleBase - Setting state for [StandardService[Tomcat]] to [STOPPED]
2023-08-21 19:03:58,641 [main] DEBUG org.apache.catalina.util.LifecycleBase - Setting state for [org.apache.catalina.deploy.NamingResourcesImpl@2abbd0d9] to [STOPPING_PREP]
2023-08-21 19:03:58,641 [main] DEBUG org.apache.catalina.util.LifecycleBase - Setting state for [org.apache.catalina.deploy.NamingResourcesImpl@2abbd0d9] to [STOPPING]
2023-08-21 19:03:58,641 [main] DEBUG org.apache.catalina.util.LifecycleBase - Setting state for [org.apache.catalina.deploy.NamingResourcesImpl@2abbd0d9] to [STOPPED]
2023-08-21 19:03:58,641 [main] DEBUG org.apache.catalina.util.LifecycleBase - Setting state for [StandardServer[-1]] to [STOPPED]
2023-08-21 19:03:58,641 [main] DEBUG org.apache.catalina.util.LifecycleBase - Setting state for [StandardServer[-1]] to [DESTROYING]
2023-08-21 19:03:58,641 [main] DEBUG org.apache.catalina.util.LifecycleBase - Setting state for [StandardService[Tomcat]] to [DESTROYING]
2023-08-21 19:03:58,642 [main] DEBUG org.apache.catalina.util.LifecycleBase - Setting state for [org.apache.catalina.mapper.MapperListener@5f0bab7e] to [DESTROYING]
2023-08-21 19:03:58,642 [main] DEBUG org.apache.catalina.util.LifecycleBase - Setting state for [org.apache.catalina.mapper.MapperListener@5f0bab7e] to [DESTROYED]
2023-08-21 19:03:58,642 [main] DEBUG org.apache.catalina.util.LifecycleBase - Setting state for [StandardEngine[Tomcat]] to [DESTROYING]
2023-08-21 19:03:58,642 [main] DEBUG org.apache.catalina.util.LifecycleBase - Setting state for [SimpleRealm[StandardEngine[Tomcat]]] to [DESTROYING]
2023-08-21 19:03:58,642 [main] DEBUG org.apache.catalina.util.LifecycleBase - Setting state for [SimpleRealm[StandardEngine[Tomcat]]] to [DESTROYED]
2023-08-21 19:03:58,642 [main] DEBUG org.apache.catalina.util.LifecycleBase - Setting state for [StandardPipeline[StandardEngine[Tomcat]]] to [DESTROYING]
2023-08-21 19:03:58,642 [main] DEBUG org.apache.catalina.util.LifecycleBase - Setting state for [StandardEngineValve[Container is null]] to [DESTROYING]
2023-08-21 19:03:58,642 [main] DEBUG org.apache.catalina.util.LifecycleBase - Setting state for [StandardEngineValve[Container is null]] to [DESTROYED]
2023-08-21 19:03:58,643 [main] DEBUG org.apache.catalina.util.LifecycleBase - Setting state for [StandardPipeline[StandardEngine[Tomcat]]] to [DESTROYED]
2023-08-21 19:03:58,643 [main] DEBUG org.apache.catalina.util.LifecycleBase - Setting state for [StandardEngine[Tomcat].StandardHost[localhost]] to [DESTROYING]
2023-08-21 19:03:58,643 [main] DEBUG org.apache.catalina.util.LifecycleBase - Setting state for [StandardPipeline[StandardEngine[Tomcat].StandardHost[localhost]]] to [DESTROYING]
2023-08-21 19:03:58,643 [main] DEBUG org.apache.catalina.util.LifecycleBase - Setting state for [ErrorReportValve[Container is null]] to [DESTROYING]
2023-08-21 19:03:58,643 [main] DEBUG org.apache.catalina.util.LifecycleBase - Setting state for [ErrorReportValve[Container is null]] to [DESTROYED]
2023-08-21 19:03:58,643 [main] DEBUG org.apache.catalina.util.LifecycleBase - Setting state for [StandardHostValve[Container is null]] to [DESTROYING]
2023-08-21 19:03:58,644 [main] DEBUG org.apache.catalina.util.LifecycleBase - Setting state for [StandardHostValve[Container is null]] to [DESTROYED]
2023-08-21 19:03:58,644 [main] DEBUG org.apache.catalina.util.LifecycleBase - Setting state for [StandardPipeline[StandardEngine[Tomcat].StandardHost[localhost]]] to [DESTROYED]
2023-08-21 19:03:58,644 [main] DEBUG org.apache.catalina.util.LifecycleBase - Setting state for [StandardEngine[Tomcat].StandardHost[localhost].TomcatEmbeddedContext[]] to [DESTROYING]
2023-08-21 19:03:58,644 [main] DEBUG org.apache.catalina.util.LifecycleBase - Setting state for [org.apache.catalina.deploy.NamingResourcesImpl@76d7881e] to [DESTROYING]
2023-08-21 19:03:58,644 [main] DEBUG org.apache.catalina.util.LifecycleBase - Setting state for [org.apache.catalina.deploy.NamingResourcesImpl@76d7881e] to [DESTROYED]
2023-08-21 19:03:58,645 [main] DEBUG org.apache.catalina.util.LifecycleBase - Setting state for [WebappLoader[StandardEngine[Tomcat].StandardHost[localhost].TomcatEmbeddedContext[]]] to [DESTROYING]
2023-08-21 19:03:58,645 [main] DEBUG org.apache.catalina.util.LifecycleBase - Setting state for [WebappLoader[StandardEngine[Tomcat].StandardHost[localhost].TomcatEmbeddedContext[]]] to [DESTROYED]
2023-08-21 19:03:58,645 [main] DEBUG org.apache.catalina.util.LifecycleBase - Setting state for [StandardManager[StandardEngine[Tomcat].StandardHost[localhost].TomcatEmbeddedContext[]]] to [DESTROYING]
2023-08-21 19:03:58,645 [main] DEBUG org.apache.catalina.util.LifecycleBase - Setting state for [StandardManager[StandardEngine[Tomcat].StandardHost[localhost].TomcatEmbeddedContext[]]] to [DESTROYED]
2023-08-21 19:03:58,645 [main] DEBUG org.apache.catalina.util.LifecycleBase - Setting state for [org.apache.catalina.webresources.StandardRoot@60df7989] to [DESTROYING]
2023-08-21 19:03:58,645 [main] DEBUG org.apache.catalina.util.LifecycleBase - Setting state for [org.apache.catalina.webresources.StandardRoot@60df7989] to [DESTROYED]
2023-08-21 19:03:58,646 [main] DEBUG org.apache.catalina.util.LifecycleBase - Setting state for [StandardPipeline[StandardEngine[Tomcat].StandardHost[localhost].TomcatEmbeddedContext[]]] to [DESTROYING]
2023-08-21 19:03:58,646 [main] DEBUG org.apache.catalina.util.LifecycleBase - Setting state for [NonLoginAuthenticator[Container is null]] to [DESTROYING]
2023-08-21 19:03:58,646 [main] DEBUG org.apache.catalina.util.LifecycleBase - Setting state for [NonLoginAuthenticator[Container is null]] to [DESTROYED]
2023-08-21 19:03:58,646 [main] DEBUG org.apache.catalina.util.LifecycleBase - Setting state for [StandardContextValve[Container is null]] to [DESTROYING]
2023-08-21 19:03:58,646 [main] DEBUG org.apache.catalina.util.LifecycleBase - Setting state for [StandardContextValve[Container is null]] to [DESTROYED]
2023-08-21 19:03:58,646 [main] DEBUG org.apache.catalina.util.LifecycleBase - Setting state for [StandardPipeline[StandardEngine[Tomcat].StandardHost[localhost].TomcatEmbeddedContext[]]] to [DESTROYED]
2023-08-21 19:03:58,647 [main] DEBUG org.apache.catalina.util.LifecycleBase - Setting state for [StandardEngine[Tomcat].StandardHost[localhost].TomcatEmbeddedContext[]] to [DESTROYED]
2023-08-21 19:03:58,647 [main] DEBUG org.apache.catalina.util.LifecycleBase - Setting state for [StandardEngine[Tomcat].StandardHost[localhost]] to [DESTROYED]
2023-08-21 19:03:58,647 [main] DEBUG org.apache.catalina.util.LifecycleBase - Setting state for [StandardEngine[Tomcat]] to [DESTROYED]
2023-08-21 19:03:58,647 [main] DEBUG org.apache.catalina.util.LifecycleBase - Setting state for [StandardService[Tomcat]] to [DESTROYED]
2023-08-21 19:03:58,647 [main] DEBUG org.apache.catalina.util.LifecycleBase - Setting state for [org.apache.catalina.deploy.NamingResourcesImpl@2abbd0d9] to [DESTROYING]
2023-08-21 19:03:58,647 [main] DEBUG org.apache.catalina.util.LifecycleBase - Setting state for [org.apache.catalina.deploy.NamingResourcesImpl@2abbd0d9] to [DESTROYED]
2023-08-21 19:03:58,648 [main] DEBUG org.apache.catalina.util.LifecycleBase - Setting state for [StandardServer[-1]] to [DESTROYED]
